"","x","y"
"",124500,6915500
"",125500,6915500
"",126500,6915500
"",127500,6915500
"",124500,6914500
"",125500,6914500
"",126500,6914500
"",127500,6914500
"",112500,6913500
"",124500,6913500
"",125500,6913500
"",126500,6913500
"",127500,6913500
"",128500,6913500
"",112500,6912500
"",124500,6912500
"",125500,6912500
"",126500,6912500
"",127500,6912500
"",128500,6912500
"",133500,6912500
"",134500,6912500
"",111500,6911500
"",112500,6911500
"",113500,6911500
"",115500,6911500
"",116500,6911500
"",119500,6911500
"",124500,6911500
"",125500,6911500
"",126500,6911500
"",127500,6911500
"",128500,6911500
"",131500,6911500
"",132500,6911500
"",133500,6911500
"",134500,6911500
"",110500,6910500
"",111500,6910500
"",112500,6910500
"",113500,6910500
"",114500,6910500
"",115500,6910500
"",116500,6910500
"",117500,6910500
"",118500,6910500
"",119500,6910500
"",120500,6910500
"",125500,6910500
"",126500,6910500
"",127500,6910500
"",128500,6910500
"",131500,6910500
"",132500,6910500
"",133500,6910500
"",134500,6910500
"",135500,6910500
"",136500,6910500
"",110500,6909500
"",111500,6909500
"",112500,6909500
"",113500,6909500
"",114500,6909500
"",115500,6909500
"",116500,6909500
"",117500,6909500
"",118500,6909500
"",119500,6909500
"",120500,6909500
"",121500,6909500
"",125500,6909500
"",126500,6909500
"",127500,6909500
"",128500,6909500
"",129500,6909500
"",131500,6909500
"",132500,6909500
"",133500,6909500
"",134500,6909500
"",135500,6909500
"",136500,6909500
"",110500,6908500
"",111500,6908500
"",112500,6908500
"",113500,6908500
"",114500,6908500
"",115500,6908500
"",116500,6908500
"",117500,6908500
"",118500,6908500
"",119500,6908500
"",120500,6908500
"",121500,6908500
"",122500,6908500
"",125500,6908500
"",126500,6908500
"",127500,6908500
"",128500,6908500
"",129500,6908500
"",130500,6908500
"",131500,6908500
"",132500,6908500
"",133500,6908500
"",134500,6908500
"",135500,6908500
"",136500,6908500
"",137500,6908500
"",106500,6907500
"",110500,6907500
"",111500,6907500
"",112500,6907500
"",113500,6907500
"",114500,6907500
"",115500,6907500
"",116500,6907500
"",117500,6907500
"",118500,6907500
"",119500,6907500
"",120500,6907500
"",121500,6907500
"",122500,6907500
"",123500,6907500
"",124500,6907500
"",125500,6907500
"",126500,6907500
"",127500,6907500
"",128500,6907500
"",129500,6907500
"",130500,6907500
"",131500,6907500
"",132500,6907500
"",133500,6907500
"",134500,6907500
"",135500,6907500
"",136500,6907500
"",137500,6907500
"",106500,6906500
"",107500,6906500
"",108500,6906500
"",109500,6906500
"",110500,6906500
"",111500,6906500
"",112500,6906500
"",113500,6906500
"",114500,6906500
"",115500,6906500
"",116500,6906500
"",117500,6906500
"",118500,6906500
"",119500,6906500
"",120500,6906500
"",121500,6906500
"",122500,6906500
"",123500,6906500
"",124500,6906500
"",125500,6906500
"",126500,6906500
"",127500,6906500
"",128500,6906500
"",129500,6906500
"",130500,6906500
"",131500,6906500
"",132500,6906500
"",133500,6906500
"",134500,6906500
"",135500,6906500
"",136500,6906500
"",137500,6906500
"",106500,6905500
"",107500,6905500
"",108500,6905500
"",109500,6905500
"",110500,6905500
"",111500,6905500
"",112500,6905500
"",113500,6905500
"",114500,6905500
"",115500,6905500
"",116500,6905500
"",117500,6905500
"",118500,6905500
"",119500,6905500
"",120500,6905500
"",121500,6905500
"",122500,6905500
"",123500,6905500
"",124500,6905500
"",125500,6905500
"",126500,6905500
"",127500,6905500
"",128500,6905500
"",129500,6905500
"",130500,6905500
"",131500,6905500
"",132500,6905500
"",133500,6905500
"",134500,6905500
"",135500,6905500
"",136500,6905500
"",137500,6905500
"",99500,6904500
"",105500,6904500
"",106500,6904500
"",107500,6904500
"",108500,6904500
"",109500,6904500
"",110500,6904500
"",111500,6904500
"",112500,6904500
"",113500,6904500
"",114500,6904500
"",115500,6904500
"",116500,6904500
"",117500,6904500
"",118500,6904500
"",119500,6904500
"",120500,6904500
"",121500,6904500
"",122500,6904500
"",123500,6904500
"",124500,6904500
"",125500,6904500
"",126500,6904500
"",127500,6904500
"",128500,6904500
"",129500,6904500
"",130500,6904500
"",131500,6904500
"",132500,6904500
"",133500,6904500
"",134500,6904500
"",135500,6904500
"",136500,6904500
"",137500,6904500
"",98500,6903500
"",99500,6903500
"",105500,6903500
"",106500,6903500
"",107500,6903500
"",108500,6903500
"",109500,6903500
"",110500,6903500
"",111500,6903500
"",112500,6903500
"",113500,6903500
"",114500,6903500
"",115500,6903500
"",116500,6903500
"",117500,6903500
"",118500,6903500
"",119500,6903500
"",120500,6903500
"",121500,6903500
"",122500,6903500
"",123500,6903500
"",124500,6903500
"",125500,6903500
"",126500,6903500
"",127500,6903500
"",128500,6903500
"",129500,6903500
"",130500,6903500
"",131500,6903500
"",132500,6903500
"",133500,6903500
"",134500,6903500
"",135500,6903500
"",136500,6903500
"",137500,6903500
"",96500,6902500
"",97500,6902500
"",98500,6902500
"",99500,6902500
"",104500,6902500
"",105500,6902500
"",106500,6902500
"",107500,6902500
"",108500,6902500
"",109500,6902500
"",110500,6902500
"",111500,6902500
"",112500,6902500
"",113500,6902500
"",114500,6902500
"",115500,6902500
"",116500,6902500
"",117500,6902500
"",118500,6902500
"",119500,6902500
"",120500,6902500
"",121500,6902500
"",122500,6902500
"",123500,6902500
"",124500,6902500
"",125500,6902500
"",126500,6902500
"",127500,6902500
"",128500,6902500
"",129500,6902500
"",130500,6902500
"",131500,6902500
"",132500,6902500
"",133500,6902500
"",134500,6902500
"",135500,6902500
"",136500,6902500
"",137500,6902500
"",95500,6901500
"",96500,6901500
"",97500,6901500
"",98500,6901500
"",99500,6901500
"",101500,6901500
"",102500,6901500
"",103500,6901500
"",104500,6901500
"",105500,6901500
"",106500,6901500
"",107500,6901500
"",108500,6901500
"",109500,6901500
"",110500,6901500
"",111500,6901500
"",112500,6901500
"",113500,6901500
"",114500,6901500
"",115500,6901500
"",116500,6901500
"",117500,6901500
"",118500,6901500
"",119500,6901500
"",120500,6901500
"",121500,6901500
"",122500,6901500
"",123500,6901500
"",124500,6901500
"",125500,6901500
"",126500,6901500
"",127500,6901500
"",128500,6901500
"",129500,6901500
"",130500,6901500
"",131500,6901500
"",132500,6901500
"",133500,6901500
"",134500,6901500
"",135500,6901500
"",136500,6901500
"",137500,6901500
"",138500,6901500
"",95500,6900500
"",97500,6900500
"",98500,6900500
"",99500,6900500
"",100500,6900500
"",101500,6900500
"",102500,6900500
"",103500,6900500
"",104500,6900500
"",105500,6900500
"",106500,6900500
"",107500,6900500
"",108500,6900500
"",109500,6900500
"",110500,6900500
"",111500,6900500
"",112500,6900500
"",113500,6900500
"",114500,6900500
"",115500,6900500
"",116500,6900500
"",117500,6900500
"",118500,6900500
"",119500,6900500
"",120500,6900500
"",121500,6900500
"",122500,6900500
"",123500,6900500
"",124500,6900500
"",125500,6900500
"",126500,6900500
"",127500,6900500
"",128500,6900500
"",129500,6900500
"",130500,6900500
"",131500,6900500
"",132500,6900500
"",133500,6900500
"",134500,6900500
"",135500,6900500
"",136500,6900500
"",137500,6900500
"",138500,6900500
"",98500,6899500
"",99500,6899500
"",100500,6899500
"",101500,6899500
"",102500,6899500
"",103500,6899500
"",104500,6899500
"",105500,6899500
"",106500,6899500
"",107500,6899500
"",108500,6899500
"",109500,6899500
"",110500,6899500
"",111500,6899500
"",112500,6899500
"",113500,6899500
"",114500,6899500
"",115500,6899500
"",116500,6899500
"",117500,6899500
"",118500,6899500
"",119500,6899500
"",120500,6899500
"",121500,6899500
"",122500,6899500
"",123500,6899500
"",124500,6899500
"",125500,6899500
"",126500,6899500
"",127500,6899500
"",128500,6899500
"",129500,6899500
"",130500,6899500
"",131500,6899500
"",132500,6899500
"",133500,6899500
"",134500,6899500
"",135500,6899500
"",136500,6899500
"",137500,6899500
"",138500,6899500
"",99500,6898500
"",100500,6898500
"",101500,6898500
"",102500,6898500
"",103500,6898500
"",104500,6898500
"",105500,6898500
"",106500,6898500
"",107500,6898500
"",108500,6898500
"",109500,6898500
"",110500,6898500
"",111500,6898500
"",112500,6898500
"",113500,6898500
"",114500,6898500
"",115500,6898500
"",116500,6898500
"",117500,6898500
"",118500,6898500
"",119500,6898500
"",120500,6898500
"",121500,6898500
"",122500,6898500
"",123500,6898500
"",124500,6898500
"",125500,6898500
"",126500,6898500
"",127500,6898500
"",128500,6898500
"",129500,6898500
"",130500,6898500
"",131500,6898500
"",132500,6898500
"",133500,6898500
"",134500,6898500
"",135500,6898500
"",136500,6898500
"",137500,6898500
"",138500,6898500
"",102500,6897500
"",103500,6897500
"",104500,6897500
"",105500,6897500
"",106500,6897500
"",107500,6897500
"",108500,6897500
"",109500,6897500
"",110500,6897500
"",111500,6897500
"",112500,6897500
"",113500,6897500
"",114500,6897500
"",115500,6897500
"",116500,6897500
"",117500,6897500
"",118500,6897500
"",119500,6897500
"",120500,6897500
"",121500,6897500
"",122500,6897500
"",123500,6897500
"",124500,6897500
"",125500,6897500
"",126500,6897500
"",127500,6897500
"",128500,6897500
"",129500,6897500
"",130500,6897500
"",131500,6897500
"",132500,6897500
"",133500,6897500
"",134500,6897500
"",135500,6897500
"",136500,6897500
"",137500,6897500
"",138500,6897500
"",139500,6897500
"",102500,6896500
"",103500,6896500
"",104500,6896500
"",106500,6896500
"",107500,6896500
"",108500,6896500
"",109500,6896500
"",110500,6896500
"",111500,6896500
"",112500,6896500
"",113500,6896500
"",114500,6896500
"",115500,6896500
"",116500,6896500
"",117500,6896500
"",118500,6896500
"",119500,6896500
"",120500,6896500
"",121500,6896500
"",122500,6896500
"",123500,6896500
"",124500,6896500
"",125500,6896500
"",126500,6896500
"",127500,6896500
"",128500,6896500
"",129500,6896500
"",130500,6896500
"",131500,6896500
"",132500,6896500
"",133500,6896500
"",134500,6896500
"",135500,6896500
"",136500,6896500
"",137500,6896500
"",138500,6896500
"",139500,6896500
"",106500,6895500
"",107500,6895500
"",108500,6895500
"",109500,6895500
"",110500,6895500
"",111500,6895500
"",112500,6895500
"",113500,6895500
"",114500,6895500
"",115500,6895500
"",116500,6895500
"",117500,6895500
"",118500,6895500
"",119500,6895500
"",120500,6895500
"",121500,6895500
"",122500,6895500
"",123500,6895500
"",124500,6895500
"",125500,6895500
"",126500,6895500
"",127500,6895500
"",128500,6895500
"",129500,6895500
"",130500,6895500
"",131500,6895500
"",132500,6895500
"",133500,6895500
"",134500,6895500
"",135500,6895500
"",136500,6895500
"",137500,6895500
"",138500,6895500
"",139500,6895500
"",171500,6895500
"",172500,6895500
"",173500,6895500
"",106500,6894500
"",107500,6894500
"",108500,6894500
"",109500,6894500
"",110500,6894500
"",111500,6894500
"",112500,6894500
"",113500,6894500
"",114500,6894500
"",115500,6894500
"",116500,6894500
"",117500,6894500
"",118500,6894500
"",119500,6894500
"",120500,6894500
"",121500,6894500
"",122500,6894500
"",123500,6894500
"",124500,6894500
"",125500,6894500
"",126500,6894500
"",127500,6894500
"",128500,6894500
"",129500,6894500
"",130500,6894500
"",131500,6894500
"",132500,6894500
"",133500,6894500
"",134500,6894500
"",135500,6894500
"",136500,6894500
"",137500,6894500
"",138500,6894500
"",139500,6894500
"",149500,6894500
"",170500,6894500
"",171500,6894500
"",172500,6894500
"",173500,6894500
"",174500,6894500
"",175500,6894500
"",176500,6894500
"",106500,6893500
"",107500,6893500
"",108500,6893500
"",109500,6893500
"",110500,6893500
"",111500,6893500
"",112500,6893500
"",113500,6893500
"",114500,6893500
"",115500,6893500
"",116500,6893500
"",117500,6893500
"",118500,6893500
"",119500,6893500
"",120500,6893500
"",121500,6893500
"",122500,6893500
"",123500,6893500
"",124500,6893500
"",125500,6893500
"",126500,6893500
"",127500,6893500
"",128500,6893500
"",129500,6893500
"",130500,6893500
"",131500,6893500
"",132500,6893500
"",133500,6893500
"",134500,6893500
"",135500,6893500
"",136500,6893500
"",137500,6893500
"",138500,6893500
"",139500,6893500
"",140500,6893500
"",148500,6893500
"",149500,6893500
"",159500,6893500
"",167500,6893500
"",168500,6893500
"",169500,6893500
"",170500,6893500
"",171500,6893500
"",172500,6893500
"",173500,6893500
"",174500,6893500
"",175500,6893500
"",176500,6893500
"",177500,6893500
"",179500,6893500
"",106500,6892500
"",107500,6892500
"",108500,6892500
"",109500,6892500
"",110500,6892500
"",111500,6892500
"",112500,6892500
"",113500,6892500
"",114500,6892500
"",115500,6892500
"",116500,6892500
"",117500,6892500
"",118500,6892500
"",119500,6892500
"",120500,6892500
"",121500,6892500
"",122500,6892500
"",123500,6892500
"",124500,6892500
"",125500,6892500
"",126500,6892500
"",127500,6892500
"",128500,6892500
"",129500,6892500
"",130500,6892500
"",131500,6892500
"",132500,6892500
"",133500,6892500
"",134500,6892500
"",135500,6892500
"",136500,6892500
"",137500,6892500
"",138500,6892500
"",139500,6892500
"",140500,6892500
"",145500,6892500
"",146500,6892500
"",147500,6892500
"",148500,6892500
"",149500,6892500
"",156500,6892500
"",157500,6892500
"",158500,6892500
"",159500,6892500
"",167500,6892500
"",168500,6892500
"",169500,6892500
"",170500,6892500
"",171500,6892500
"",172500,6892500
"",173500,6892500
"",174500,6892500
"",175500,6892500
"",176500,6892500
"",177500,6892500
"",178500,6892500
"",179500,6892500
"",180500,6892500
"",181500,6892500
"",182500,6892500
"",103500,6891500
"",104500,6891500
"",106500,6891500
"",107500,6891500
"",108500,6891500
"",109500,6891500
"",110500,6891500
"",111500,6891500
"",112500,6891500
"",113500,6891500
"",114500,6891500
"",115500,6891500
"",116500,6891500
"",117500,6891500
"",118500,6891500
"",119500,6891500
"",120500,6891500
"",121500,6891500
"",122500,6891500
"",123500,6891500
"",124500,6891500
"",125500,6891500
"",126500,6891500
"",127500,6891500
"",128500,6891500
"",129500,6891500
"",130500,6891500
"",131500,6891500
"",132500,6891500
"",133500,6891500
"",134500,6891500
"",135500,6891500
"",136500,6891500
"",137500,6891500
"",138500,6891500
"",139500,6891500
"",140500,6891500
"",142500,6891500
"",143500,6891500
"",144500,6891500
"",145500,6891500
"",146500,6891500
"",147500,6891500
"",148500,6891500
"",149500,6891500
"",150500,6891500
"",154500,6891500
"",155500,6891500
"",156500,6891500
"",157500,6891500
"",158500,6891500
"",159500,6891500
"",160500,6891500
"",161500,6891500
"",162500,6891500
"",163500,6891500
"",164500,6891500
"",167500,6891500
"",168500,6891500
"",169500,6891500
"",170500,6891500
"",171500,6891500
"",172500,6891500
"",173500,6891500
"",174500,6891500
"",175500,6891500
"",176500,6891500
"",177500,6891500
"",178500,6891500
"",179500,6891500
"",180500,6891500
"",181500,6891500
"",182500,6891500
"",183500,6891500
"",184500,6891500
"",102500,6890500
"",103500,6890500
"",104500,6890500
"",105500,6890500
"",106500,6890500
"",107500,6890500
"",108500,6890500
"",109500,6890500
"",110500,6890500
"",111500,6890500
"",112500,6890500
"",113500,6890500
"",114500,6890500
"",115500,6890500
"",116500,6890500
"",117500,6890500
"",118500,6890500
"",119500,6890500
"",120500,6890500
"",121500,6890500
"",122500,6890500
"",123500,6890500
"",124500,6890500
"",125500,6890500
"",126500,6890500
"",127500,6890500
"",128500,6890500
"",129500,6890500
"",130500,6890500
"",131500,6890500
"",132500,6890500
"",133500,6890500
"",134500,6890500
"",135500,6890500
"",136500,6890500
"",137500,6890500
"",138500,6890500
"",139500,6890500
"",140500,6890500
"",142500,6890500
"",143500,6890500
"",144500,6890500
"",145500,6890500
"",146500,6890500
"",147500,6890500
"",148500,6890500
"",149500,6890500
"",153500,6890500
"",154500,6890500
"",155500,6890500
"",156500,6890500
"",157500,6890500
"",158500,6890500
"",159500,6890500
"",160500,6890500
"",161500,6890500
"",162500,6890500
"",163500,6890500
"",164500,6890500
"",165500,6890500
"",166500,6890500
"",167500,6890500
"",168500,6890500
"",169500,6890500
"",170500,6890500
"",171500,6890500
"",172500,6890500
"",173500,6890500
"",174500,6890500
"",175500,6890500
"",176500,6890500
"",177500,6890500
"",178500,6890500
"",179500,6890500
"",180500,6890500
"",181500,6890500
"",182500,6890500
"",183500,6890500
"",184500,6890500
"",185500,6890500
"",186500,6890500
"",100500,6889500
"",101500,6889500
"",102500,6889500
"",103500,6889500
"",104500,6889500
"",105500,6889500
"",106500,6889500
"",107500,6889500
"",108500,6889500
"",109500,6889500
"",110500,6889500
"",111500,6889500
"",112500,6889500
"",113500,6889500
"",114500,6889500
"",115500,6889500
"",116500,6889500
"",117500,6889500
"",118500,6889500
"",119500,6889500
"",120500,6889500
"",121500,6889500
"",122500,6889500
"",123500,6889500
"",124500,6889500
"",125500,6889500
"",126500,6889500
"",127500,6889500
"",128500,6889500
"",129500,6889500
"",130500,6889500
"",131500,6889500
"",132500,6889500
"",133500,6889500
"",134500,6889500
"",135500,6889500
"",136500,6889500
"",137500,6889500
"",138500,6889500
"",139500,6889500
"",140500,6889500
"",141500,6889500
"",142500,6889500
"",143500,6889500
"",144500,6889500
"",145500,6889500
"",146500,6889500
"",147500,6889500
"",148500,6889500
"",149500,6889500
"",150500,6889500
"",151500,6889500
"",152500,6889500
"",153500,6889500
"",154500,6889500
"",155500,6889500
"",156500,6889500
"",157500,6889500
"",158500,6889500
"",159500,6889500
"",160500,6889500
"",161500,6889500
"",162500,6889500
"",163500,6889500
"",164500,6889500
"",165500,6889500
"",166500,6889500
"",167500,6889500
"",168500,6889500
"",169500,6889500
"",170500,6889500
"",171500,6889500
"",172500,6889500
"",173500,6889500
"",174500,6889500
"",175500,6889500
"",176500,6889500
"",177500,6889500
"",178500,6889500
"",179500,6889500
"",180500,6889500
"",181500,6889500
"",182500,6889500
"",183500,6889500
"",184500,6889500
"",185500,6889500
"",186500,6889500
"",100500,6888500
"",101500,6888500
"",102500,6888500
"",103500,6888500
"",104500,6888500
"",105500,6888500
"",106500,6888500
"",107500,6888500
"",108500,6888500
"",109500,6888500
"",110500,6888500
"",111500,6888500
"",112500,6888500
"",113500,6888500
"",114500,6888500
"",115500,6888500
"",116500,6888500
"",117500,6888500
"",118500,6888500
"",119500,6888500
"",120500,6888500
"",121500,6888500
"",122500,6888500
"",123500,6888500
"",124500,6888500
"",125500,6888500
"",126500,6888500
"",127500,6888500
"",128500,6888500
"",129500,6888500
"",130500,6888500
"",131500,6888500
"",132500,6888500
"",133500,6888500
"",134500,6888500
"",135500,6888500
"",136500,6888500
"",137500,6888500
"",138500,6888500
"",139500,6888500
"",140500,6888500
"",141500,6888500
"",142500,6888500
"",143500,6888500
"",144500,6888500
"",145500,6888500
"",146500,6888500
"",147500,6888500
"",148500,6888500
"",149500,6888500
"",150500,6888500
"",151500,6888500
"",152500,6888500
"",153500,6888500
"",154500,6888500
"",155500,6888500
"",156500,6888500
"",157500,6888500
"",158500,6888500
"",159500,6888500
"",160500,6888500
"",161500,6888500
"",162500,6888500
"",163500,6888500
"",164500,6888500
"",165500,6888500
"",166500,6888500
"",167500,6888500
"",168500,6888500
"",169500,6888500
"",170500,6888500
"",171500,6888500
"",172500,6888500
"",173500,6888500
"",174500,6888500
"",175500,6888500
"",176500,6888500
"",177500,6888500
"",178500,6888500
"",179500,6888500
"",180500,6888500
"",181500,6888500
"",182500,6888500
"",183500,6888500
"",184500,6888500
"",185500,6888500
"",186500,6888500
"",99500,6887500
"",100500,6887500
"",101500,6887500
"",102500,6887500
"",103500,6887500
"",104500,6887500
"",105500,6887500
"",106500,6887500
"",107500,6887500
"",108500,6887500
"",109500,6887500
"",110500,6887500
"",111500,6887500
"",112500,6887500
"",113500,6887500
"",114500,6887500
"",115500,6887500
"",116500,6887500
"",117500,6887500
"",118500,6887500
"",119500,6887500
"",120500,6887500
"",121500,6887500
"",122500,6887500
"",123500,6887500
"",124500,6887500
"",125500,6887500
"",126500,6887500
"",127500,6887500
"",128500,6887500
"",129500,6887500
"",130500,6887500
"",131500,6887500
"",132500,6887500
"",133500,6887500
"",134500,6887500
"",135500,6887500
"",136500,6887500
"",137500,6887500
"",138500,6887500
"",139500,6887500
"",140500,6887500
"",141500,6887500
"",142500,6887500
"",143500,6887500
"",144500,6887500
"",145500,6887500
"",146500,6887500
"",147500,6887500
"",148500,6887500
"",149500,6887500
"",150500,6887500
"",151500,6887500
"",152500,6887500
"",153500,6887500
"",154500,6887500
"",155500,6887500
"",156500,6887500
"",157500,6887500
"",158500,6887500
"",159500,6887500
"",160500,6887500
"",161500,6887500
"",162500,6887500
"",163500,6887500
"",164500,6887500
"",165500,6887500
"",166500,6887500
"",167500,6887500
"",168500,6887500
"",169500,6887500
"",170500,6887500
"",171500,6887500
"",172500,6887500
"",173500,6887500
"",174500,6887500
"",175500,6887500
"",176500,6887500
"",177500,6887500
"",178500,6887500
"",179500,6887500
"",180500,6887500
"",181500,6887500
"",182500,6887500
"",183500,6887500
"",184500,6887500
"",185500,6887500
"",186500,6887500
"",187500,6887500
"",98500,6886500
"",99500,6886500
"",100500,6886500
"",101500,6886500
"",102500,6886500
"",103500,6886500
"",104500,6886500
"",105500,6886500
"",106500,6886500
"",107500,6886500
"",108500,6886500
"",109500,6886500
"",110500,6886500
"",111500,6886500
"",112500,6886500
"",113500,6886500
"",114500,6886500
"",115500,6886500
"",116500,6886500
"",117500,6886500
"",118500,6886500
"",119500,6886500
"",120500,6886500
"",121500,6886500
"",122500,6886500
"",123500,6886500
"",124500,6886500
"",125500,6886500
"",126500,6886500
"",127500,6886500
"",128500,6886500
"",129500,6886500
"",130500,6886500
"",131500,6886500
"",132500,6886500
"",133500,6886500
"",134500,6886500
"",135500,6886500
"",136500,6886500
"",137500,6886500
"",138500,6886500
"",139500,6886500
"",140500,6886500
"",141500,6886500
"",142500,6886500
"",143500,6886500
"",144500,6886500
"",145500,6886500
"",146500,6886500
"",147500,6886500
"",148500,6886500
"",149500,6886500
"",150500,6886500
"",151500,6886500
"",152500,6886500
"",153500,6886500
"",154500,6886500
"",155500,6886500
"",156500,6886500
"",157500,6886500
"",158500,6886500
"",159500,6886500
"",160500,6886500
"",161500,6886500
"",162500,6886500
"",163500,6886500
"",164500,6886500
"",165500,6886500
"",166500,6886500
"",167500,6886500
"",168500,6886500
"",169500,6886500
"",170500,6886500
"",171500,6886500
"",172500,6886500
"",173500,6886500
"",174500,6886500
"",175500,6886500
"",176500,6886500
"",177500,6886500
"",178500,6886500
"",179500,6886500
"",180500,6886500
"",181500,6886500
"",182500,6886500
"",183500,6886500
"",184500,6886500
"",185500,6886500
"",186500,6886500
"",187500,6886500
"",98500,6885500
"",99500,6885500
"",100500,6885500
"",101500,6885500
"",102500,6885500
"",103500,6885500
"",104500,6885500
"",105500,6885500
"",106500,6885500
"",107500,6885500
"",108500,6885500
"",109500,6885500
"",110500,6885500
"",111500,6885500
"",112500,6885500
"",113500,6885500
"",114500,6885500
"",115500,6885500
"",116500,6885500
"",117500,6885500
"",118500,6885500
"",119500,6885500
"",120500,6885500
"",121500,6885500
"",122500,6885500
"",123500,6885500
"",124500,6885500
"",125500,6885500
"",126500,6885500
"",127500,6885500
"",128500,6885500
"",129500,6885500
"",130500,6885500
"",131500,6885500
"",132500,6885500
"",133500,6885500
"",134500,6885500
"",135500,6885500
"",136500,6885500
"",137500,6885500
"",138500,6885500
"",139500,6885500
"",140500,6885500
"",141500,6885500
"",142500,6885500
"",143500,6885500
"",144500,6885500
"",145500,6885500
"",146500,6885500
"",147500,6885500
"",148500,6885500
"",149500,6885500
"",150500,6885500
"",151500,6885500
"",152500,6885500
"",153500,6885500
"",154500,6885500
"",155500,6885500
"",156500,6885500
"",157500,6885500
"",158500,6885500
"",159500,6885500
"",160500,6885500
"",161500,6885500
"",162500,6885500
"",163500,6885500
"",164500,6885500
"",165500,6885500
"",166500,6885500
"",167500,6885500
"",168500,6885500
"",169500,6885500
"",170500,6885500
"",171500,6885500
"",172500,6885500
"",173500,6885500
"",174500,6885500
"",175500,6885500
"",176500,6885500
"",177500,6885500
"",178500,6885500
"",179500,6885500
"",180500,6885500
"",181500,6885500
"",182500,6885500
"",183500,6885500
"",184500,6885500
"",185500,6885500
"",186500,6885500
"",187500,6885500
"",188500,6885500
"",98500,6884500
"",99500,6884500
"",100500,6884500
"",101500,6884500
"",102500,6884500
"",103500,6884500
"",104500,6884500
"",105500,6884500
"",106500,6884500
"",107500,6884500
"",108500,6884500
"",109500,6884500
"",110500,6884500
"",111500,6884500
"",112500,6884500
"",113500,6884500
"",114500,6884500
"",115500,6884500
"",116500,6884500
"",117500,6884500
"",118500,6884500
"",119500,6884500
"",120500,6884500
"",121500,6884500
"",122500,6884500
"",123500,6884500
"",124500,6884500
"",125500,6884500
"",126500,6884500
"",127500,6884500
"",128500,6884500
"",129500,6884500
"",130500,6884500
"",131500,6884500
"",132500,6884500
"",133500,6884500
"",134500,6884500
"",135500,6884500
"",136500,6884500
"",137500,6884500
"",138500,6884500
"",139500,6884500
"",140500,6884500
"",141500,6884500
"",142500,6884500
"",143500,6884500
"",144500,6884500
"",145500,6884500
"",146500,6884500
"",147500,6884500
"",148500,6884500
"",149500,6884500
"",150500,6884500
"",151500,6884500
"",152500,6884500
"",153500,6884500
"",154500,6884500
"",155500,6884500
"",156500,6884500
"",157500,6884500
"",158500,6884500
"",159500,6884500
"",160500,6884500
"",161500,6884500
"",162500,6884500
"",163500,6884500
"",164500,6884500
"",165500,6884500
"",166500,6884500
"",167500,6884500
"",168500,6884500
"",169500,6884500
"",170500,6884500
"",171500,6884500
"",172500,6884500
"",173500,6884500
"",174500,6884500
"",175500,6884500
"",176500,6884500
"",177500,6884500
"",178500,6884500
"",179500,6884500
"",180500,6884500
"",181500,6884500
"",182500,6884500
"",183500,6884500
"",184500,6884500
"",185500,6884500
"",186500,6884500
"",187500,6884500
"",188500,6884500
"",189500,6884500
"",190500,6884500
"",98500,6883500
"",99500,6883500
"",100500,6883500
"",101500,6883500
"",102500,6883500
"",103500,6883500
"",104500,6883500
"",105500,6883500
"",106500,6883500
"",107500,6883500
"",108500,6883500
"",109500,6883500
"",110500,6883500
"",111500,6883500
"",112500,6883500
"",113500,6883500
"",114500,6883500
"",115500,6883500
"",116500,6883500
"",117500,6883500
"",118500,6883500
"",119500,6883500
"",120500,6883500
"",121500,6883500
"",122500,6883500
"",123500,6883500
"",124500,6883500
"",125500,6883500
"",126500,6883500
"",127500,6883500
"",128500,6883500
"",129500,6883500
"",130500,6883500
"",131500,6883500
"",132500,6883500
"",133500,6883500
"",134500,6883500
"",135500,6883500
"",136500,6883500
"",137500,6883500
"",138500,6883500
"",139500,6883500
"",140500,6883500
"",141500,6883500
"",142500,6883500
"",143500,6883500
"",144500,6883500
"",145500,6883500
"",146500,6883500
"",147500,6883500
"",148500,6883500
"",149500,6883500
"",150500,6883500
"",151500,6883500
"",152500,6883500
"",153500,6883500
"",154500,6883500
"",155500,6883500
"",156500,6883500
"",157500,6883500
"",158500,6883500
"",159500,6883500
"",160500,6883500
"",161500,6883500
"",162500,6883500
"",163500,6883500
"",164500,6883500
"",165500,6883500
"",166500,6883500
"",167500,6883500
"",168500,6883500
"",169500,6883500
"",170500,6883500
"",171500,6883500
"",172500,6883500
"",173500,6883500
"",174500,6883500
"",175500,6883500
"",176500,6883500
"",177500,6883500
"",178500,6883500
"",179500,6883500
"",180500,6883500
"",181500,6883500
"",182500,6883500
"",183500,6883500
"",184500,6883500
"",185500,6883500
"",186500,6883500
"",187500,6883500
"",188500,6883500
"",189500,6883500
"",190500,6883500
"",99500,6882500
"",100500,6882500
"",101500,6882500
"",102500,6882500
"",103500,6882500
"",104500,6882500
"",105500,6882500
"",106500,6882500
"",107500,6882500
"",108500,6882500
"",109500,6882500
"",110500,6882500
"",111500,6882500
"",112500,6882500
"",113500,6882500
"",114500,6882500
"",115500,6882500
"",116500,6882500
"",117500,6882500
"",118500,6882500
"",119500,6882500
"",120500,6882500
"",121500,6882500
"",122500,6882500
"",123500,6882500
"",124500,6882500
"",125500,6882500
"",126500,6882500
"",127500,6882500
"",128500,6882500
"",129500,6882500
"",130500,6882500
"",131500,6882500
"",132500,6882500
"",133500,6882500
"",134500,6882500
"",135500,6882500
"",136500,6882500
"",137500,6882500
"",138500,6882500
"",139500,6882500
"",140500,6882500
"",141500,6882500
"",142500,6882500
"",143500,6882500
"",144500,6882500
"",145500,6882500
"",146500,6882500
"",147500,6882500
"",148500,6882500
"",149500,6882500
"",150500,6882500
"",151500,6882500
"",152500,6882500
"",153500,6882500
"",154500,6882500
"",155500,6882500
"",156500,6882500
"",157500,6882500
"",158500,6882500
"",159500,6882500
"",160500,6882500
"",161500,6882500
"",162500,6882500
"",163500,6882500
"",164500,6882500
"",165500,6882500
"",166500,6882500
"",167500,6882500
"",168500,6882500
"",169500,6882500
"",170500,6882500
"",171500,6882500
"",172500,6882500
"",173500,6882500
"",174500,6882500
"",175500,6882500
"",176500,6882500
"",177500,6882500
"",178500,6882500
"",179500,6882500
"",180500,6882500
"",181500,6882500
"",182500,6882500
"",183500,6882500
"",184500,6882500
"",185500,6882500
"",186500,6882500
"",187500,6882500
"",188500,6882500
"",189500,6882500
"",190500,6882500
"",103500,6881500
"",104500,6881500
"",105500,6881500
"",106500,6881500
"",107500,6881500
"",108500,6881500
"",109500,6881500
"",110500,6881500
"",111500,6881500
"",112500,6881500
"",113500,6881500
"",114500,6881500
"",115500,6881500
"",116500,6881500
"",117500,6881500
"",118500,6881500
"",119500,6881500
"",120500,6881500
"",121500,6881500
"",122500,6881500
"",123500,6881500
"",124500,6881500
"",125500,6881500
"",126500,6881500
"",127500,6881500
"",128500,6881500
"",129500,6881500
"",130500,6881500
"",131500,6881500
"",132500,6881500
"",133500,6881500
"",134500,6881500
"",135500,6881500
"",136500,6881500
"",137500,6881500
"",138500,6881500
"",139500,6881500
"",140500,6881500
"",141500,6881500
"",142500,6881500
"",143500,6881500
"",144500,6881500
"",145500,6881500
"",146500,6881500
"",147500,6881500
"",148500,6881500
"",149500,6881500
"",150500,6881500
"",151500,6881500
"",152500,6881500
"",153500,6881500
"",154500,6881500
"",155500,6881500
"",156500,6881500
"",157500,6881500
"",158500,6881500
"",159500,6881500
"",160500,6881500
"",161500,6881500
"",162500,6881500
"",163500,6881500
"",164500,6881500
"",165500,6881500
"",166500,6881500
"",167500,6881500
"",168500,6881500
"",169500,6881500
"",170500,6881500
"",171500,6881500
"",172500,6881500
"",173500,6881500
"",174500,6881500
"",175500,6881500
"",176500,6881500
"",177500,6881500
"",178500,6881500
"",179500,6881500
"",180500,6881500
"",181500,6881500
"",182500,6881500
"",183500,6881500
"",184500,6881500
"",185500,6881500
"",186500,6881500
"",187500,6881500
"",188500,6881500
"",189500,6881500
"",103500,6880500
"",104500,6880500
"",105500,6880500
"",106500,6880500
"",107500,6880500
"",108500,6880500
"",109500,6880500
"",110500,6880500
"",111500,6880500
"",112500,6880500
"",113500,6880500
"",114500,6880500
"",115500,6880500
"",116500,6880500
"",117500,6880500
"",118500,6880500
"",119500,6880500
"",120500,6880500
"",121500,6880500
"",122500,6880500
"",123500,6880500
"",124500,6880500
"",125500,6880500
"",126500,6880500
"",127500,6880500
"",128500,6880500
"",129500,6880500
"",130500,6880500
"",131500,6880500
"",132500,6880500
"",133500,6880500
"",134500,6880500
"",135500,6880500
"",136500,6880500
"",137500,6880500
"",138500,6880500
"",139500,6880500
"",140500,6880500
"",141500,6880500
"",142500,6880500
"",143500,6880500
"",144500,6880500
"",145500,6880500
"",146500,6880500
"",147500,6880500
"",148500,6880500
"",149500,6880500
"",150500,6880500
"",151500,6880500
"",152500,6880500
"",153500,6880500
"",154500,6880500
"",155500,6880500
"",156500,6880500
"",157500,6880500
"",158500,6880500
"",159500,6880500
"",160500,6880500
"",161500,6880500
"",162500,6880500
"",163500,6880500
"",164500,6880500
"",165500,6880500
"",166500,6880500
"",167500,6880500
"",168500,6880500
"",169500,6880500
"",170500,6880500
"",171500,6880500
"",172500,6880500
"",173500,6880500
"",174500,6880500
"",175500,6880500
"",176500,6880500
"",177500,6880500
"",178500,6880500
"",179500,6880500
"",180500,6880500
"",181500,6880500
"",182500,6880500
"",183500,6880500
"",184500,6880500
"",185500,6880500
"",186500,6880500
"",187500,6880500
"",188500,6880500
"",189500,6880500
"",190500,6880500
"",191500,6880500
"",102500,6879500
"",103500,6879500
"",104500,6879500
"",105500,6879500
"",106500,6879500
"",107500,6879500
"",108500,6879500
"",109500,6879500
"",110500,6879500
"",111500,6879500
"",112500,6879500
"",113500,6879500
"",114500,6879500
"",115500,6879500
"",116500,6879500
"",117500,6879500
"",118500,6879500
"",119500,6879500
"",120500,6879500
"",121500,6879500
"",122500,6879500
"",123500,6879500
"",124500,6879500
"",125500,6879500
"",126500,6879500
"",127500,6879500
"",128500,6879500
"",129500,6879500
"",130500,6879500
"",131500,6879500
"",132500,6879500
"",133500,6879500
"",134500,6879500
"",135500,6879500
"",136500,6879500
"",137500,6879500
"",138500,6879500
"",139500,6879500
"",140500,6879500
"",141500,6879500
"",142500,6879500
"",143500,6879500
"",144500,6879500
"",145500,6879500
"",146500,6879500
"",147500,6879500
"",148500,6879500
"",149500,6879500
"",150500,6879500
"",151500,6879500
"",152500,6879500
"",153500,6879500
"",154500,6879500
"",155500,6879500
"",156500,6879500
"",157500,6879500
"",158500,6879500
"",159500,6879500
"",160500,6879500
"",161500,6879500
"",162500,6879500
"",163500,6879500
"",164500,6879500
"",165500,6879500
"",166500,6879500
"",167500,6879500
"",168500,6879500
"",169500,6879500
"",170500,6879500
"",171500,6879500
"",172500,6879500
"",173500,6879500
"",174500,6879500
"",175500,6879500
"",176500,6879500
"",177500,6879500
"",178500,6879500
"",179500,6879500
"",180500,6879500
"",181500,6879500
"",182500,6879500
"",183500,6879500
"",184500,6879500
"",185500,6879500
"",186500,6879500
"",187500,6879500
"",188500,6879500
"",189500,6879500
"",190500,6879500
"",191500,6879500
"",192500,6879500
"",193500,6879500
"",194500,6879500
"",102500,6878500
"",103500,6878500
"",104500,6878500
"",105500,6878500
"",106500,6878500
"",107500,6878500
"",108500,6878500
"",109500,6878500
"",110500,6878500
"",111500,6878500
"",112500,6878500
"",113500,6878500
"",114500,6878500
"",115500,6878500
"",116500,6878500
"",117500,6878500
"",118500,6878500
"",119500,6878500
"",120500,6878500
"",121500,6878500
"",122500,6878500
"",123500,6878500
"",124500,6878500
"",125500,6878500
"",126500,6878500
"",127500,6878500
"",128500,6878500
"",129500,6878500
"",130500,6878500
"",131500,6878500
"",132500,6878500
"",133500,6878500
"",134500,6878500
"",135500,6878500
"",136500,6878500
"",137500,6878500
"",138500,6878500
"",139500,6878500
"",140500,6878500
"",141500,6878500
"",142500,6878500
"",143500,6878500
"",144500,6878500
"",145500,6878500
"",146500,6878500
"",147500,6878500
"",148500,6878500
"",149500,6878500
"",150500,6878500
"",151500,6878500
"",152500,6878500
"",153500,6878500
"",154500,6878500
"",155500,6878500
"",156500,6878500
"",157500,6878500
"",158500,6878500
"",159500,6878500
"",160500,6878500
"",161500,6878500
"",162500,6878500
"",163500,6878500
"",164500,6878500
"",165500,6878500
"",166500,6878500
"",167500,6878500
"",168500,6878500
"",169500,6878500
"",170500,6878500
"",171500,6878500
"",172500,6878500
"",173500,6878500
"",174500,6878500
"",175500,6878500
"",176500,6878500
"",177500,6878500
"",178500,6878500
"",179500,6878500
"",180500,6878500
"",181500,6878500
"",182500,6878500
"",183500,6878500
"",184500,6878500
"",185500,6878500
"",186500,6878500
"",187500,6878500
"",188500,6878500
"",189500,6878500
"",190500,6878500
"",191500,6878500
"",192500,6878500
"",193500,6878500
"",194500,6878500
"",102500,6877500
"",103500,6877500
"",104500,6877500
"",105500,6877500
"",106500,6877500
"",107500,6877500
"",108500,6877500
"",109500,6877500
"",110500,6877500
"",111500,6877500
"",112500,6877500
"",113500,6877500
"",114500,6877500
"",115500,6877500
"",116500,6877500
"",117500,6877500
"",118500,6877500
"",119500,6877500
"",120500,6877500
"",121500,6877500
"",122500,6877500
"",123500,6877500
"",124500,6877500
"",125500,6877500
"",126500,6877500
"",127500,6877500
"",128500,6877500
"",129500,6877500
"",130500,6877500
"",131500,6877500
"",132500,6877500
"",133500,6877500
"",134500,6877500
"",135500,6877500
"",136500,6877500
"",137500,6877500
"",138500,6877500
"",139500,6877500
"",140500,6877500
"",141500,6877500
"",142500,6877500
"",143500,6877500
"",144500,6877500
"",145500,6877500
"",146500,6877500
"",147500,6877500
"",148500,6877500
"",149500,6877500
"",150500,6877500
"",151500,6877500
"",152500,6877500
"",153500,6877500
"",154500,6877500
"",155500,6877500
"",156500,6877500
"",157500,6877500
"",158500,6877500
"",159500,6877500
"",160500,6877500
"",161500,6877500
"",162500,6877500
"",163500,6877500
"",164500,6877500
"",165500,6877500
"",166500,6877500
"",167500,6877500
"",168500,6877500
"",169500,6877500
"",170500,6877500
"",171500,6877500
"",172500,6877500
"",173500,6877500
"",174500,6877500
"",175500,6877500
"",176500,6877500
"",177500,6877500
"",178500,6877500
"",179500,6877500
"",180500,6877500
"",181500,6877500
"",182500,6877500
"",183500,6877500
"",184500,6877500
"",185500,6877500
"",186500,6877500
"",187500,6877500
"",188500,6877500
"",189500,6877500
"",190500,6877500
"",191500,6877500
"",192500,6877500
"",193500,6877500
"",194500,6877500
"",195500,6877500
"",102500,6876500
"",103500,6876500
"",104500,6876500
"",105500,6876500
"",106500,6876500
"",107500,6876500
"",108500,6876500
"",109500,6876500
"",110500,6876500
"",111500,6876500
"",112500,6876500
"",113500,6876500
"",114500,6876500
"",115500,6876500
"",116500,6876500
"",117500,6876500
"",118500,6876500
"",119500,6876500
"",120500,6876500
"",121500,6876500
"",122500,6876500
"",123500,6876500
"",124500,6876500
"",125500,6876500
"",126500,6876500
"",127500,6876500
"",128500,6876500
"",129500,6876500
"",130500,6876500
"",131500,6876500
"",132500,6876500
"",133500,6876500
"",134500,6876500
"",135500,6876500
"",136500,6876500
"",137500,6876500
"",138500,6876500
"",139500,6876500
"",140500,6876500
"",141500,6876500
"",142500,6876500
"",143500,6876500
"",144500,6876500
"",145500,6876500
"",146500,6876500
"",147500,6876500
"",148500,6876500
"",149500,6876500
"",150500,6876500
"",151500,6876500
"",152500,6876500
"",153500,6876500
"",154500,6876500
"",155500,6876500
"",156500,6876500
"",157500,6876500
"",158500,6876500
"",159500,6876500
"",160500,6876500
"",161500,6876500
"",162500,6876500
"",163500,6876500
"",164500,6876500
"",165500,6876500
"",166500,6876500
"",167500,6876500
"",168500,6876500
"",169500,6876500
"",170500,6876500
"",171500,6876500
"",172500,6876500
"",173500,6876500
"",174500,6876500
"",175500,6876500
"",176500,6876500
"",177500,6876500
"",178500,6876500
"",179500,6876500
"",180500,6876500
"",181500,6876500
"",182500,6876500
"",183500,6876500
"",184500,6876500
"",185500,6876500
"",186500,6876500
"",187500,6876500
"",188500,6876500
"",189500,6876500
"",190500,6876500
"",191500,6876500
"",192500,6876500
"",193500,6876500
"",194500,6876500
"",195500,6876500
"",196500,6876500
"",197500,6876500
"",198500,6876500
"",103500,6875500
"",104500,6875500
"",105500,6875500
"",106500,6875500
"",107500,6875500
"",108500,6875500
"",109500,6875500
"",110500,6875500
"",111500,6875500
"",112500,6875500
"",113500,6875500
"",114500,6875500
"",115500,6875500
"",116500,6875500
"",117500,6875500
"",118500,6875500
"",119500,6875500
"",120500,6875500
"",121500,6875500
"",122500,6875500
"",123500,6875500
"",124500,6875500
"",125500,6875500
"",126500,6875500
"",127500,6875500
"",128500,6875500
"",129500,6875500
"",130500,6875500
"",131500,6875500
"",132500,6875500
"",133500,6875500
"",134500,6875500
"",135500,6875500
"",136500,6875500
"",137500,6875500
"",138500,6875500
"",139500,6875500
"",140500,6875500
"",141500,6875500
"",142500,6875500
"",143500,6875500
"",144500,6875500
"",145500,6875500
"",146500,6875500
"",147500,6875500
"",148500,6875500
"",149500,6875500
"",150500,6875500
"",151500,6875500
"",152500,6875500
"",153500,6875500
"",154500,6875500
"",155500,6875500
"",156500,6875500
"",157500,6875500
"",158500,6875500
"",159500,6875500
"",160500,6875500
"",161500,6875500
"",162500,6875500
"",163500,6875500
"",164500,6875500
"",165500,6875500
"",166500,6875500
"",167500,6875500
"",168500,6875500
"",169500,6875500
"",170500,6875500
"",171500,6875500
"",172500,6875500
"",173500,6875500
"",174500,6875500
"",175500,6875500
"",176500,6875500
"",177500,6875500
"",178500,6875500
"",179500,6875500
"",180500,6875500
"",181500,6875500
"",182500,6875500
"",183500,6875500
"",184500,6875500
"",185500,6875500
"",186500,6875500
"",187500,6875500
"",188500,6875500
"",189500,6875500
"",190500,6875500
"",191500,6875500
"",192500,6875500
"",193500,6875500
"",194500,6875500
"",195500,6875500
"",196500,6875500
"",197500,6875500
"",198500,6875500
"",104500,6874500
"",105500,6874500
"",106500,6874500
"",107500,6874500
"",108500,6874500
"",109500,6874500
"",110500,6874500
"",111500,6874500
"",112500,6874500
"",113500,6874500
"",114500,6874500
"",115500,6874500
"",116500,6874500
"",117500,6874500
"",118500,6874500
"",119500,6874500
"",120500,6874500
"",121500,6874500
"",122500,6874500
"",123500,6874500
"",124500,6874500
"",125500,6874500
"",126500,6874500
"",127500,6874500
"",128500,6874500
"",129500,6874500
"",130500,6874500
"",131500,6874500
"",132500,6874500
"",133500,6874500
"",134500,6874500
"",135500,6874500
"",136500,6874500
"",137500,6874500
"",138500,6874500
"",139500,6874500
"",140500,6874500
"",141500,6874500
"",142500,6874500
"",143500,6874500
"",144500,6874500
"",145500,6874500
"",146500,6874500
"",147500,6874500
"",148500,6874500
"",149500,6874500
"",150500,6874500
"",151500,6874500
"",152500,6874500
"",153500,6874500
"",154500,6874500
"",155500,6874500
"",156500,6874500
"",157500,6874500
"",158500,6874500
"",159500,6874500
"",160500,6874500
"",161500,6874500
"",162500,6874500
"",163500,6874500
"",164500,6874500
"",165500,6874500
"",166500,6874500
"",167500,6874500
"",168500,6874500
"",169500,6874500
"",170500,6874500
"",171500,6874500
"",172500,6874500
"",173500,6874500
"",174500,6874500
"",175500,6874500
"",176500,6874500
"",177500,6874500
"",178500,6874500
"",179500,6874500
"",180500,6874500
"",181500,6874500
"",182500,6874500
"",183500,6874500
"",184500,6874500
"",185500,6874500
"",186500,6874500
"",187500,6874500
"",188500,6874500
"",189500,6874500
"",190500,6874500
"",191500,6874500
"",192500,6874500
"",193500,6874500
"",194500,6874500
"",195500,6874500
"",196500,6874500
"",197500,6874500
"",198500,6874500
"",105500,6873500
"",106500,6873500
"",107500,6873500
"",108500,6873500
"",109500,6873500
"",110500,6873500
"",111500,6873500
"",112500,6873500
"",113500,6873500
"",114500,6873500
"",115500,6873500
"",116500,6873500
"",117500,6873500
"",118500,6873500
"",119500,6873500
"",120500,6873500
"",121500,6873500
"",122500,6873500
"",123500,6873500
"",124500,6873500
"",125500,6873500
"",126500,6873500
"",127500,6873500
"",128500,6873500
"",129500,6873500
"",130500,6873500
"",131500,6873500
"",132500,6873500
"",133500,6873500
"",134500,6873500
"",135500,6873500
"",136500,6873500
"",137500,6873500
"",138500,6873500
"",139500,6873500
"",140500,6873500
"",141500,6873500
"",142500,6873500
"",143500,6873500
"",144500,6873500
"",145500,6873500
"",146500,6873500
"",147500,6873500
"",148500,6873500
"",149500,6873500
"",150500,6873500
"",151500,6873500
"",152500,6873500
"",153500,6873500
"",154500,6873500
"",155500,6873500
"",156500,6873500
"",157500,6873500
"",158500,6873500
"",159500,6873500
"",160500,6873500
"",161500,6873500
"",162500,6873500
"",163500,6873500
"",164500,6873500
"",165500,6873500
"",166500,6873500
"",167500,6873500
"",168500,6873500
"",169500,6873500
"",170500,6873500
"",171500,6873500
"",172500,6873500
"",173500,6873500
"",174500,6873500
"",175500,6873500
"",176500,6873500
"",177500,6873500
"",178500,6873500
"",179500,6873500
"",180500,6873500
"",181500,6873500
"",182500,6873500
"",183500,6873500
"",184500,6873500
"",185500,6873500
"",186500,6873500
"",187500,6873500
"",188500,6873500
"",189500,6873500
"",190500,6873500
"",191500,6873500
"",192500,6873500
"",193500,6873500
"",194500,6873500
"",195500,6873500
"",196500,6873500
"",197500,6873500
"",198500,6873500
"",199500,6873500
"",105500,6872500
"",106500,6872500
"",107500,6872500
"",108500,6872500
"",109500,6872500
"",110500,6872500
"",111500,6872500
"",112500,6872500
"",113500,6872500
"",114500,6872500
"",115500,6872500
"",116500,6872500
"",117500,6872500
"",118500,6872500
"",119500,6872500
"",120500,6872500
"",121500,6872500
"",122500,6872500
"",123500,6872500
"",124500,6872500
"",125500,6872500
"",126500,6872500
"",127500,6872500
"",128500,6872500
"",129500,6872500
"",130500,6872500
"",131500,6872500
"",132500,6872500
"",133500,6872500
"",134500,6872500
"",135500,6872500
"",136500,6872500
"",137500,6872500
"",138500,6872500
"",139500,6872500
"",140500,6872500
"",141500,6872500
"",142500,6872500
"",143500,6872500
"",144500,6872500
"",145500,6872500
"",146500,6872500
"",147500,6872500
"",148500,6872500
"",149500,6872500
"",150500,6872500
"",151500,6872500
"",152500,6872500
"",153500,6872500
"",154500,6872500
"",155500,6872500
"",156500,6872500
"",157500,6872500
"",158500,6872500
"",159500,6872500
"",160500,6872500
"",161500,6872500
"",162500,6872500
"",163500,6872500
"",164500,6872500
"",165500,6872500
"",166500,6872500
"",167500,6872500
"",168500,6872500
"",169500,6872500
"",170500,6872500
"",171500,6872500
"",172500,6872500
"",173500,6872500
"",174500,6872500
"",175500,6872500
"",176500,6872500
"",177500,6872500
"",178500,6872500
"",179500,6872500
"",180500,6872500
"",181500,6872500
"",182500,6872500
"",183500,6872500
"",184500,6872500
"",185500,6872500
"",186500,6872500
"",187500,6872500
"",188500,6872500
"",189500,6872500
"",190500,6872500
"",191500,6872500
"",192500,6872500
"",193500,6872500
"",194500,6872500
"",195500,6872500
"",196500,6872500
"",197500,6872500
"",198500,6872500
"",199500,6872500
"",104500,6871500
"",105500,6871500
"",106500,6871500
"",107500,6871500
"",108500,6871500
"",109500,6871500
"",110500,6871500
"",111500,6871500
"",112500,6871500
"",113500,6871500
"",114500,6871500
"",115500,6871500
"",116500,6871500
"",117500,6871500
"",118500,6871500
"",119500,6871500
"",120500,6871500
"",121500,6871500
"",122500,6871500
"",123500,6871500
"",124500,6871500
"",125500,6871500
"",126500,6871500
"",127500,6871500
"",128500,6871500
"",129500,6871500
"",130500,6871500
"",131500,6871500
"",132500,6871500
"",133500,6871500
"",134500,6871500
"",135500,6871500
"",136500,6871500
"",137500,6871500
"",138500,6871500
"",139500,6871500
"",140500,6871500
"",141500,6871500
"",142500,6871500
"",143500,6871500
"",144500,6871500
"",145500,6871500
"",146500,6871500
"",147500,6871500
"",148500,6871500
"",149500,6871500
"",150500,6871500
"",151500,6871500
"",152500,6871500
"",153500,6871500
"",154500,6871500
"",155500,6871500
"",156500,6871500
"",157500,6871500
"",158500,6871500
"",159500,6871500
"",160500,6871500
"",161500,6871500
"",162500,6871500
"",163500,6871500
"",164500,6871500
"",165500,6871500
"",166500,6871500
"",167500,6871500
"",168500,6871500
"",169500,6871500
"",170500,6871500
"",171500,6871500
"",172500,6871500
"",173500,6871500
"",174500,6871500
"",175500,6871500
"",176500,6871500
"",177500,6871500
"",178500,6871500
"",179500,6871500
"",180500,6871500
"",181500,6871500
"",182500,6871500
"",183500,6871500
"",184500,6871500
"",185500,6871500
"",186500,6871500
"",187500,6871500
"",188500,6871500
"",189500,6871500
"",190500,6871500
"",191500,6871500
"",192500,6871500
"",193500,6871500
"",194500,6871500
"",195500,6871500
"",196500,6871500
"",197500,6871500
"",198500,6871500
"",199500,6871500
"",104500,6870500
"",105500,6870500
"",106500,6870500
"",107500,6870500
"",108500,6870500
"",109500,6870500
"",110500,6870500
"",111500,6870500
"",112500,6870500
"",113500,6870500
"",114500,6870500
"",115500,6870500
"",116500,6870500
"",117500,6870500
"",118500,6870500
"",119500,6870500
"",120500,6870500
"",121500,6870500
"",122500,6870500
"",123500,6870500
"",124500,6870500
"",125500,6870500
"",126500,6870500
"",127500,6870500
"",128500,6870500
"",129500,6870500
"",130500,6870500
"",131500,6870500
"",132500,6870500
"",133500,6870500
"",134500,6870500
"",135500,6870500
"",136500,6870500
"",137500,6870500
"",138500,6870500
"",139500,6870500
"",140500,6870500
"",141500,6870500
"",142500,6870500
"",143500,6870500
"",144500,6870500
"",145500,6870500
"",146500,6870500
"",147500,6870500
"",148500,6870500
"",149500,6870500
"",150500,6870500
"",151500,6870500
"",152500,6870500
"",153500,6870500
"",154500,6870500
"",155500,6870500
"",156500,6870500
"",157500,6870500
"",158500,6870500
"",159500,6870500
"",160500,6870500
"",161500,6870500
"",162500,6870500
"",163500,6870500
"",164500,6870500
"",165500,6870500
"",166500,6870500
"",167500,6870500
"",168500,6870500
"",169500,6870500
"",170500,6870500
"",171500,6870500
"",172500,6870500
"",173500,6870500
"",174500,6870500
"",175500,6870500
"",176500,6870500
"",177500,6870500
"",178500,6870500
"",179500,6870500
"",180500,6870500
"",181500,6870500
"",182500,6870500
"",183500,6870500
"",184500,6870500
"",185500,6870500
"",186500,6870500
"",187500,6870500
"",188500,6870500
"",189500,6870500
"",190500,6870500
"",191500,6870500
"",192500,6870500
"",193500,6870500
"",194500,6870500
"",195500,6870500
"",196500,6870500
"",197500,6870500
"",198500,6870500
"",199500,6870500
"",105500,6869500
"",106500,6869500
"",107500,6869500
"",108500,6869500
"",109500,6869500
"",110500,6869500
"",111500,6869500
"",112500,6869500
"",113500,6869500
"",114500,6869500
"",115500,6869500
"",116500,6869500
"",117500,6869500
"",118500,6869500
"",119500,6869500
"",120500,6869500
"",121500,6869500
"",122500,6869500
"",123500,6869500
"",124500,6869500
"",125500,6869500
"",126500,6869500
"",127500,6869500
"",128500,6869500
"",129500,6869500
"",130500,6869500
"",131500,6869500
"",132500,6869500
"",133500,6869500
"",134500,6869500
"",135500,6869500
"",136500,6869500
"",137500,6869500
"",138500,6869500
"",139500,6869500
"",140500,6869500
"",141500,6869500
"",142500,6869500
"",143500,6869500
"",144500,6869500
"",145500,6869500
"",146500,6869500
"",147500,6869500
"",148500,6869500
"",149500,6869500
"",150500,6869500
"",151500,6869500
"",152500,6869500
"",153500,6869500
"",154500,6869500
"",155500,6869500
"",156500,6869500
"",157500,6869500
"",158500,6869500
"",159500,6869500
"",160500,6869500
"",161500,6869500
"",162500,6869500
"",163500,6869500
"",164500,6869500
"",165500,6869500
"",166500,6869500
"",167500,6869500
"",168500,6869500
"",169500,6869500
"",170500,6869500
"",171500,6869500
"",172500,6869500
"",173500,6869500
"",174500,6869500
"",175500,6869500
"",176500,6869500
"",177500,6869500
"",178500,6869500
"",179500,6869500
"",180500,6869500
"",181500,6869500
"",182500,6869500
"",183500,6869500
"",184500,6869500
"",185500,6869500
"",191500,6869500
"",192500,6869500
"",193500,6869500
"",194500,6869500
"",195500,6869500
"",196500,6869500
"",197500,6869500
"",198500,6869500
"",199500,6869500
"",105500,6868500
"",106500,6868500
"",107500,6868500
"",108500,6868500
"",109500,6868500
"",110500,6868500
"",111500,6868500
"",112500,6868500
"",113500,6868500
"",114500,6868500
"",115500,6868500
"",116500,6868500
"",117500,6868500
"",119500,6868500
"",120500,6868500
"",121500,6868500
"",122500,6868500
"",123500,6868500
"",124500,6868500
"",125500,6868500
"",126500,6868500
"",127500,6868500
"",128500,6868500
"",129500,6868500
"",130500,6868500
"",131500,6868500
"",132500,6868500
"",133500,6868500
"",134500,6868500
"",135500,6868500
"",136500,6868500
"",137500,6868500
"",138500,6868500
"",139500,6868500
"",140500,6868500
"",141500,6868500
"",142500,6868500
"",143500,6868500
"",144500,6868500
"",145500,6868500
"",146500,6868500
"",147500,6868500
"",148500,6868500
"",149500,6868500
"",150500,6868500
"",151500,6868500
"",152500,6868500
"",153500,6868500
"",154500,6868500
"",155500,6868500
"",156500,6868500
"",157500,6868500
"",158500,6868500
"",159500,6868500
"",160500,6868500
"",161500,6868500
"",162500,6868500
"",163500,6868500
"",164500,6868500
"",165500,6868500
"",166500,6868500
"",167500,6868500
"",168500,6868500
"",169500,6868500
"",170500,6868500
"",171500,6868500
"",172500,6868500
"",173500,6868500
"",174500,6868500
"",175500,6868500
"",176500,6868500
"",177500,6868500
"",178500,6868500
"",179500,6868500
"",180500,6868500
"",181500,6868500
"",182500,6868500
"",183500,6868500
"",184500,6868500
"",185500,6868500
"",193500,6868500
"",194500,6868500
"",195500,6868500
"",196500,6868500
"",197500,6868500
"",198500,6868500
"",199500,6868500
"",200500,6868500
"",104500,6867500
"",105500,6867500
"",106500,6867500
"",107500,6867500
"",109500,6867500
"",110500,6867500
"",111500,6867500
"",112500,6867500
"",113500,6867500
"",114500,6867500
"",115500,6867500
"",116500,6867500
"",117500,6867500
"",120500,6867500
"",121500,6867500
"",122500,6867500
"",123500,6867500
"",124500,6867500
"",125500,6867500
"",126500,6867500
"",127500,6867500
"",128500,6867500
"",129500,6867500
"",130500,6867500
"",131500,6867500
"",132500,6867500
"",133500,6867500
"",134500,6867500
"",135500,6867500
"",136500,6867500
"",137500,6867500
"",138500,6867500
"",139500,6867500
"",140500,6867500
"",141500,6867500
"",142500,6867500
"",143500,6867500
"",144500,6867500
"",145500,6867500
"",146500,6867500
"",147500,6867500
"",148500,6867500
"",149500,6867500
"",150500,6867500
"",151500,6867500
"",152500,6867500
"",153500,6867500
"",154500,6867500
"",155500,6867500
"",156500,6867500
"",157500,6867500
"",158500,6867500
"",159500,6867500
"",160500,6867500
"",161500,6867500
"",162500,6867500
"",163500,6867500
"",164500,6867500
"",165500,6867500
"",166500,6867500
"",167500,6867500
"",168500,6867500
"",169500,6867500
"",170500,6867500
"",171500,6867500
"",172500,6867500
"",173500,6867500
"",174500,6867500
"",175500,6867500
"",176500,6867500
"",177500,6867500
"",178500,6867500
"",179500,6867500
"",180500,6867500
"",181500,6867500
"",182500,6867500
"",183500,6867500
"",184500,6867500
"",185500,6867500
"",195500,6867500
"",196500,6867500
"",197500,6867500
"",198500,6867500
"",199500,6867500
"",200500,6867500
"",104500,6866500
"",105500,6866500
"",112500,6866500
"",113500,6866500
"",114500,6866500
"",115500,6866500
"",116500,6866500
"",117500,6866500
"",125500,6866500
"",126500,6866500
"",127500,6866500
"",128500,6866500
"",129500,6866500
"",130500,6866500
"",131500,6866500
"",132500,6866500
"",133500,6866500
"",134500,6866500
"",135500,6866500
"",136500,6866500
"",137500,6866500
"",138500,6866500
"",139500,6866500
"",140500,6866500
"",141500,6866500
"",142500,6866500
"",143500,6866500
"",144500,6866500
"",145500,6866500
"",146500,6866500
"",147500,6866500
"",148500,6866500
"",149500,6866500
"",150500,6866500
"",151500,6866500
"",152500,6866500
"",153500,6866500
"",154500,6866500
"",155500,6866500
"",156500,6866500
"",157500,6866500
"",158500,6866500
"",159500,6866500
"",160500,6866500
"",161500,6866500
"",162500,6866500
"",163500,6866500
"",164500,6866500
"",165500,6866500
"",166500,6866500
"",167500,6866500
"",168500,6866500
"",169500,6866500
"",170500,6866500
"",171500,6866500
"",172500,6866500
"",173500,6866500
"",174500,6866500
"",175500,6866500
"",176500,6866500
"",177500,6866500
"",178500,6866500
"",179500,6866500
"",180500,6866500
"",181500,6866500
"",182500,6866500
"",183500,6866500
"",184500,6866500
"",185500,6866500
"",195500,6866500
"",196500,6866500
"",197500,6866500
"",198500,6866500
"",199500,6866500
"",200500,6866500
"",201500,6866500
"",202500,6866500
"",112500,6865500
"",114500,6865500
"",125500,6865500
"",126500,6865500
"",127500,6865500
"",128500,6865500
"",129500,6865500
"",130500,6865500
"",131500,6865500
"",132500,6865500
"",133500,6865500
"",134500,6865500
"",135500,6865500
"",136500,6865500
"",137500,6865500
"",138500,6865500
"",139500,6865500
"",140500,6865500
"",141500,6865500
"",142500,6865500
"",143500,6865500
"",144500,6865500
"",145500,6865500
"",146500,6865500
"",147500,6865500
"",148500,6865500
"",149500,6865500
"",150500,6865500
"",151500,6865500
"",152500,6865500
"",153500,6865500
"",154500,6865500
"",155500,6865500
"",156500,6865500
"",157500,6865500
"",158500,6865500
"",159500,6865500
"",160500,6865500
"",161500,6865500
"",162500,6865500
"",163500,6865500
"",164500,6865500
"",165500,6865500
"",166500,6865500
"",167500,6865500
"",168500,6865500
"",169500,6865500
"",170500,6865500
"",171500,6865500
"",172500,6865500
"",173500,6865500
"",174500,6865500
"",175500,6865500
"",176500,6865500
"",177500,6865500
"",178500,6865500
"",179500,6865500
"",180500,6865500
"",181500,6865500
"",182500,6865500
"",183500,6865500
"",184500,6865500
"",185500,6865500
"",196500,6865500
"",197500,6865500
"",198500,6865500
"",199500,6865500
"",200500,6865500
"",201500,6865500
"",202500,6865500
"",206500,6865500
"",207500,6865500
"",125500,6864500
"",126500,6864500
"",127500,6864500
"",128500,6864500
"",129500,6864500
"",130500,6864500
"",131500,6864500
"",132500,6864500
"",133500,6864500
"",134500,6864500
"",135500,6864500
"",136500,6864500
"",137500,6864500
"",138500,6864500
"",139500,6864500
"",140500,6864500
"",141500,6864500
"",142500,6864500
"",143500,6864500
"",144500,6864500
"",145500,6864500
"",146500,6864500
"",147500,6864500
"",148500,6864500
"",149500,6864500
"",150500,6864500
"",151500,6864500
"",152500,6864500
"",153500,6864500
"",154500,6864500
"",155500,6864500
"",156500,6864500
"",157500,6864500
"",158500,6864500
"",159500,6864500
"",160500,6864500
"",161500,6864500
"",162500,6864500
"",163500,6864500
"",164500,6864500
"",165500,6864500
"",166500,6864500
"",167500,6864500
"",168500,6864500
"",169500,6864500
"",170500,6864500
"",171500,6864500
"",172500,6864500
"",173500,6864500
"",174500,6864500
"",175500,6864500
"",176500,6864500
"",177500,6864500
"",178500,6864500
"",179500,6864500
"",180500,6864500
"",181500,6864500
"",182500,6864500
"",183500,6864500
"",184500,6864500
"",197500,6864500
"",198500,6864500
"",199500,6864500
"",200500,6864500
"",201500,6864500
"",202500,6864500
"",203500,6864500
"",204500,6864500
"",205500,6864500
"",206500,6864500
"",207500,6864500
"",208500,6864500
"",127500,6863500
"",128500,6863500
"",129500,6863500
"",130500,6863500
"",131500,6863500
"",132500,6863500
"",133500,6863500
"",134500,6863500
"",135500,6863500
"",136500,6863500
"",137500,6863500
"",138500,6863500
"",139500,6863500
"",140500,6863500
"",141500,6863500
"",142500,6863500
"",143500,6863500
"",144500,6863500
"",145500,6863500
"",146500,6863500
"",147500,6863500
"",148500,6863500
"",149500,6863500
"",150500,6863500
"",151500,6863500
"",152500,6863500
"",153500,6863500
"",154500,6863500
"",155500,6863500
"",156500,6863500
"",157500,6863500
"",158500,6863500
"",159500,6863500
"",160500,6863500
"",161500,6863500
"",162500,6863500
"",163500,6863500
"",164500,6863500
"",165500,6863500
"",166500,6863500
"",167500,6863500
"",168500,6863500
"",169500,6863500
"",170500,6863500
"",171500,6863500
"",172500,6863500
"",173500,6863500
"",174500,6863500
"",175500,6863500
"",176500,6863500
"",177500,6863500
"",178500,6863500
"",179500,6863500
"",180500,6863500
"",181500,6863500
"",182500,6863500
"",183500,6863500
"",184500,6863500
"",198500,6863500
"",199500,6863500
"",200500,6863500
"",201500,6863500
"",202500,6863500
"",203500,6863500
"",204500,6863500
"",205500,6863500
"",206500,6863500
"",207500,6863500
"",208500,6863500
"",209500,6863500
"",129500,6862500
"",130500,6862500
"",131500,6862500
"",132500,6862500
"",133500,6862500
"",134500,6862500
"",135500,6862500
"",136500,6862500
"",137500,6862500
"",138500,6862500
"",139500,6862500
"",140500,6862500
"",141500,6862500
"",142500,6862500
"",143500,6862500
"",144500,6862500
"",145500,6862500
"",146500,6862500
"",147500,6862500
"",148500,6862500
"",149500,6862500
"",150500,6862500
"",151500,6862500
"",152500,6862500
"",153500,6862500
"",154500,6862500
"",155500,6862500
"",156500,6862500
"",157500,6862500
"",158500,6862500
"",159500,6862500
"",160500,6862500
"",161500,6862500
"",162500,6862500
"",163500,6862500
"",164500,6862500
"",165500,6862500
"",166500,6862500
"",167500,6862500
"",168500,6862500
"",169500,6862500
"",170500,6862500
"",171500,6862500
"",172500,6862500
"",173500,6862500
"",174500,6862500
"",175500,6862500
"",176500,6862500
"",177500,6862500
"",178500,6862500
"",179500,6862500
"",180500,6862500
"",181500,6862500
"",182500,6862500
"",183500,6862500
"",184500,6862500
"",200500,6862500
"",201500,6862500
"",202500,6862500
"",203500,6862500
"",204500,6862500
"",205500,6862500
"",206500,6862500
"",207500,6862500
"",208500,6862500
"",209500,6862500
"",210500,6862500
"",128500,6861500
"",129500,6861500
"",130500,6861500
"",131500,6861500
"",132500,6861500
"",133500,6861500
"",134500,6861500
"",135500,6861500
"",136500,6861500
"",137500,6861500
"",138500,6861500
"",139500,6861500
"",140500,6861500
"",141500,6861500
"",142500,6861500
"",143500,6861500
"",144500,6861500
"",145500,6861500
"",146500,6861500
"",147500,6861500
"",148500,6861500
"",149500,6861500
"",150500,6861500
"",151500,6861500
"",152500,6861500
"",153500,6861500
"",154500,6861500
"",155500,6861500
"",156500,6861500
"",157500,6861500
"",158500,6861500
"",159500,6861500
"",160500,6861500
"",161500,6861500
"",162500,6861500
"",163500,6861500
"",164500,6861500
"",165500,6861500
"",166500,6861500
"",167500,6861500
"",168500,6861500
"",169500,6861500
"",170500,6861500
"",171500,6861500
"",172500,6861500
"",173500,6861500
"",174500,6861500
"",175500,6861500
"",176500,6861500
"",177500,6861500
"",178500,6861500
"",179500,6861500
"",180500,6861500
"",181500,6861500
"",182500,6861500
"",183500,6861500
"",184500,6861500
"",202500,6861500
"",203500,6861500
"",204500,6861500
"",205500,6861500
"",206500,6861500
"",207500,6861500
"",208500,6861500
"",209500,6861500
"",210500,6861500
"",128500,6860500
"",129500,6860500
"",130500,6860500
"",131500,6860500
"",132500,6860500
"",133500,6860500
"",134500,6860500
"",135500,6860500
"",136500,6860500
"",137500,6860500
"",138500,6860500
"",139500,6860500
"",140500,6860500
"",141500,6860500
"",142500,6860500
"",143500,6860500
"",144500,6860500
"",145500,6860500
"",146500,6860500
"",147500,6860500
"",148500,6860500
"",149500,6860500
"",150500,6860500
"",151500,6860500
"",152500,6860500
"",153500,6860500
"",154500,6860500
"",155500,6860500
"",156500,6860500
"",157500,6860500
"",158500,6860500
"",159500,6860500
"",160500,6860500
"",161500,6860500
"",162500,6860500
"",163500,6860500
"",164500,6860500
"",165500,6860500
"",166500,6860500
"",167500,6860500
"",168500,6860500
"",169500,6860500
"",170500,6860500
"",171500,6860500
"",172500,6860500
"",173500,6860500
"",174500,6860500
"",175500,6860500
"",176500,6860500
"",177500,6860500
"",178500,6860500
"",179500,6860500
"",180500,6860500
"",181500,6860500
"",182500,6860500
"",183500,6860500
"",184500,6860500
"",203500,6860500
"",204500,6860500
"",205500,6860500
"",206500,6860500
"",207500,6860500
"",208500,6860500
"",209500,6860500
"",210500,6860500
"",126500,6859500
"",127500,6859500
"",128500,6859500
"",129500,6859500
"",130500,6859500
"",131500,6859500
"",132500,6859500
"",133500,6859500
"",134500,6859500
"",135500,6859500
"",136500,6859500
"",137500,6859500
"",138500,6859500
"",139500,6859500
"",140500,6859500
"",141500,6859500
"",142500,6859500
"",143500,6859500
"",144500,6859500
"",145500,6859500
"",146500,6859500
"",147500,6859500
"",148500,6859500
"",149500,6859500
"",150500,6859500
"",151500,6859500
"",152500,6859500
"",153500,6859500
"",154500,6859500
"",155500,6859500
"",156500,6859500
"",157500,6859500
"",158500,6859500
"",159500,6859500
"",160500,6859500
"",161500,6859500
"",162500,6859500
"",163500,6859500
"",164500,6859500
"",165500,6859500
"",166500,6859500
"",167500,6859500
"",168500,6859500
"",169500,6859500
"",170500,6859500
"",171500,6859500
"",172500,6859500
"",173500,6859500
"",174500,6859500
"",175500,6859500
"",176500,6859500
"",177500,6859500
"",178500,6859500
"",179500,6859500
"",180500,6859500
"",181500,6859500
"",182500,6859500
"",204500,6859500
"",205500,6859500
"",206500,6859500
"",207500,6859500
"",208500,6859500
"",209500,6859500
"",210500,6859500
"",124500,6858500
"",125500,6858500
"",126500,6858500
"",127500,6858500
"",128500,6858500
"",129500,6858500
"",130500,6858500
"",131500,6858500
"",132500,6858500
"",133500,6858500
"",134500,6858500
"",135500,6858500
"",136500,6858500
"",137500,6858500
"",138500,6858500
"",139500,6858500
"",140500,6858500
"",141500,6858500
"",142500,6858500
"",143500,6858500
"",144500,6858500
"",145500,6858500
"",146500,6858500
"",147500,6858500
"",148500,6858500
"",149500,6858500
"",150500,6858500
"",151500,6858500
"",152500,6858500
"",153500,6858500
"",154500,6858500
"",155500,6858500
"",156500,6858500
"",157500,6858500
"",158500,6858500
"",159500,6858500
"",160500,6858500
"",161500,6858500
"",162500,6858500
"",163500,6858500
"",164500,6858500
"",165500,6858500
"",166500,6858500
"",167500,6858500
"",168500,6858500
"",169500,6858500
"",170500,6858500
"",171500,6858500
"",172500,6858500
"",173500,6858500
"",174500,6858500
"",175500,6858500
"",176500,6858500
"",177500,6858500
"",178500,6858500
"",179500,6858500
"",180500,6858500
"",205500,6858500
"",206500,6858500
"",207500,6858500
"",208500,6858500
"",209500,6858500
"",210500,6858500
"",124500,6857500
"",125500,6857500
"",126500,6857500
"",127500,6857500
"",128500,6857500
"",129500,6857500
"",130500,6857500
"",131500,6857500
"",132500,6857500
"",133500,6857500
"",134500,6857500
"",135500,6857500
"",136500,6857500
"",137500,6857500
"",138500,6857500
"",139500,6857500
"",140500,6857500
"",141500,6857500
"",142500,6857500
"",143500,6857500
"",144500,6857500
"",145500,6857500
"",146500,6857500
"",147500,6857500
"",148500,6857500
"",149500,6857500
"",150500,6857500
"",151500,6857500
"",152500,6857500
"",153500,6857500
"",154500,6857500
"",155500,6857500
"",156500,6857500
"",157500,6857500
"",158500,6857500
"",159500,6857500
"",162500,6857500
"",163500,6857500
"",164500,6857500
"",165500,6857500
"",166500,6857500
"",167500,6857500
"",168500,6857500
"",169500,6857500
"",170500,6857500
"",171500,6857500
"",172500,6857500
"",173500,6857500
"",174500,6857500
"",175500,6857500
"",176500,6857500
"",177500,6857500
"",178500,6857500
"",179500,6857500
"",180500,6857500
"",206500,6857500
"",207500,6857500
"",124500,6856500
"",125500,6856500
"",126500,6856500
"",127500,6856500
"",128500,6856500
"",129500,6856500
"",130500,6856500
"",131500,6856500
"",132500,6856500
"",133500,6856500
"",134500,6856500
"",135500,6856500
"",136500,6856500
"",137500,6856500
"",138500,6856500
"",139500,6856500
"",140500,6856500
"",141500,6856500
"",142500,6856500
"",143500,6856500
"",144500,6856500
"",145500,6856500
"",146500,6856500
"",147500,6856500
"",148500,6856500
"",149500,6856500
"",150500,6856500
"",151500,6856500
"",152500,6856500
"",153500,6856500
"",154500,6856500
"",155500,6856500
"",156500,6856500
"",157500,6856500
"",158500,6856500
"",165500,6856500
"",166500,6856500
"",167500,6856500
"",168500,6856500
"",169500,6856500
"",170500,6856500
"",171500,6856500
"",172500,6856500
"",173500,6856500
"",174500,6856500
"",176500,6856500
"",177500,6856500
"",178500,6856500
"",179500,6856500
"",207500,6856500
"",124500,6855500
"",125500,6855500
"",126500,6855500
"",127500,6855500
"",128500,6855500
"",129500,6855500
"",130500,6855500
"",131500,6855500
"",132500,6855500
"",133500,6855500
"",134500,6855500
"",135500,6855500
"",136500,6855500
"",137500,6855500
"",138500,6855500
"",139500,6855500
"",140500,6855500
"",141500,6855500
"",142500,6855500
"",143500,6855500
"",144500,6855500
"",145500,6855500
"",146500,6855500
"",147500,6855500
"",148500,6855500
"",149500,6855500
"",150500,6855500
"",151500,6855500
"",152500,6855500
"",153500,6855500
"",154500,6855500
"",155500,6855500
"",156500,6855500
"",157500,6855500
"",158500,6855500
"",177500,6855500
"",178500,6855500
"",179500,6855500
"",124500,6854500
"",125500,6854500
"",127500,6854500
"",128500,6854500
"",129500,6854500
"",130500,6854500
"",131500,6854500
"",132500,6854500
"",133500,6854500
"",134500,6854500
"",135500,6854500
"",136500,6854500
"",137500,6854500
"",138500,6854500
"",139500,6854500
"",140500,6854500
"",141500,6854500
"",142500,6854500
"",143500,6854500
"",144500,6854500
"",145500,6854500
"",146500,6854500
"",147500,6854500
"",148500,6854500
"",149500,6854500
"",150500,6854500
"",151500,6854500
"",152500,6854500
"",153500,6854500
"",154500,6854500
"",155500,6854500
"",156500,6854500
"",157500,6854500
"",158500,6854500
"",178500,6854500
"",179500,6854500
"",123500,6853500
"",124500,6853500
"",125500,6853500
"",129500,6853500
"",130500,6853500
"",131500,6853500
"",132500,6853500
"",133500,6853500
"",134500,6853500
"",135500,6853500
"",136500,6853500
"",137500,6853500
"",138500,6853500
"",139500,6853500
"",140500,6853500
"",141500,6853500
"",142500,6853500
"",143500,6853500
"",144500,6853500
"",145500,6853500
"",146500,6853500
"",147500,6853500
"",148500,6853500
"",149500,6853500
"",150500,6853500
"",151500,6853500
"",152500,6853500
"",153500,6853500
"",154500,6853500
"",155500,6853500
"",156500,6853500
"",157500,6853500
"",158500,6853500
"",129500,6852500
"",130500,6852500
"",131500,6852500
"",132500,6852500
"",133500,6852500
"",134500,6852500
"",135500,6852500
"",136500,6852500
"",137500,6852500
"",138500,6852500
"",139500,6852500
"",140500,6852500
"",141500,6852500
"",142500,6852500
"",143500,6852500
"",144500,6852500
"",145500,6852500
"",146500,6852500
"",147500,6852500
"",148500,6852500
"",149500,6852500
"",150500,6852500
"",151500,6852500
"",152500,6852500
"",153500,6852500
"",154500,6852500
"",155500,6852500
"",156500,6852500
"",157500,6852500
"",129500,6851500
"",130500,6851500
"",131500,6851500
"",132500,6851500
"",133500,6851500
"",134500,6851500
"",135500,6851500
"",136500,6851500
"",137500,6851500
"",138500,6851500
"",139500,6851500
"",140500,6851500
"",141500,6851500
"",142500,6851500
"",143500,6851500
"",144500,6851500
"",145500,6851500
"",146500,6851500
"",147500,6851500
"",148500,6851500
"",149500,6851500
"",150500,6851500
"",151500,6851500
"",152500,6851500
"",153500,6851500
"",154500,6851500
"",155500,6851500
"",156500,6851500
"",129500,6850500
"",130500,6850500
"",131500,6850500
"",132500,6850500
"",133500,6850500
"",134500,6850500
"",135500,6850500
"",136500,6850500
"",137500,6850500
"",138500,6850500
"",139500,6850500
"",140500,6850500
"",141500,6850500
"",142500,6850500
"",143500,6850500
"",144500,6850500
"",145500,6850500
"",146500,6850500
"",147500,6850500
"",148500,6850500
"",149500,6850500
"",150500,6850500
"",151500,6850500
"",152500,6850500
"",153500,6850500
"",154500,6850500
"",155500,6850500
"",156500,6850500
"",130500,6849500
"",131500,6849500
"",132500,6849500
"",133500,6849500
"",134500,6849500
"",135500,6849500
"",136500,6849500
"",137500,6849500
"",138500,6849500
"",139500,6849500
"",140500,6849500
"",141500,6849500
"",142500,6849500
"",143500,6849500
"",144500,6849500
"",145500,6849500
"",146500,6849500
"",147500,6849500
"",148500,6849500
"",149500,6849500
"",150500,6849500
"",151500,6849500
"",152500,6849500
"",153500,6849500
"",154500,6849500
"",155500,6849500
"",156500,6849500
"",157500,6849500
"",129500,6848500
"",130500,6848500
"",131500,6848500
"",132500,6848500
"",133500,6848500
"",134500,6848500
"",135500,6848500
"",136500,6848500
"",137500,6848500
"",138500,6848500
"",139500,6848500
"",140500,6848500
"",141500,6848500
"",142500,6848500
"",143500,6848500
"",144500,6848500
"",145500,6848500
"",146500,6848500
"",147500,6848500
"",148500,6848500
"",149500,6848500
"",150500,6848500
"",151500,6848500
"",152500,6848500
"",153500,6848500
"",154500,6848500
"",155500,6848500
"",156500,6848500
"",129500,6847500
"",130500,6847500
"",131500,6847500
"",132500,6847500
"",133500,6847500
"",134500,6847500
"",135500,6847500
"",136500,6847500
"",137500,6847500
"",138500,6847500
"",139500,6847500
"",140500,6847500
"",141500,6847500
"",142500,6847500
"",143500,6847500
"",144500,6847500
"",145500,6847500
"",146500,6847500
"",147500,6847500
"",148500,6847500
"",149500,6847500
"",150500,6847500
"",151500,6847500
"",152500,6847500
"",153500,6847500
"",154500,6847500
"",155500,6847500
"",156500,6847500
"",129500,6846500
"",130500,6846500
"",131500,6846500
"",132500,6846500
"",133500,6846500
"",134500,6846500
"",135500,6846500
"",136500,6846500
"",137500,6846500
"",138500,6846500
"",139500,6846500
"",140500,6846500
"",141500,6846500
"",142500,6846500
"",143500,6846500
"",144500,6846500
"",145500,6846500
"",146500,6846500
"",147500,6846500
"",148500,6846500
"",149500,6846500
"",150500,6846500
"",151500,6846500
"",152500,6846500
"",153500,6846500
"",154500,6846500
"",155500,6846500
"",129500,6845500
"",130500,6845500
"",131500,6845500
"",132500,6845500
"",133500,6845500
"",134500,6845500
"",135500,6845500
"",136500,6845500
"",137500,6845500
"",138500,6845500
"",139500,6845500
"",140500,6845500
"",141500,6845500
"",142500,6845500
"",143500,6845500
"",144500,6845500
"",145500,6845500
"",146500,6845500
"",147500,6845500
"",148500,6845500
"",149500,6845500
"",150500,6845500
"",151500,6845500
"",152500,6845500
"",153500,6845500
"",154500,6845500
"",155500,6845500
"",129500,6844500
"",130500,6844500
"",131500,6844500
"",132500,6844500
"",133500,6844500
"",134500,6844500
"",135500,6844500
"",136500,6844500
"",137500,6844500
"",138500,6844500
"",139500,6844500
"",140500,6844500
"",141500,6844500
"",142500,6844500
"",143500,6844500
"",144500,6844500
"",145500,6844500
"",146500,6844500
"",147500,6844500
"",148500,6844500
"",149500,6844500
"",150500,6844500
"",151500,6844500
"",152500,6844500
"",153500,6844500
"",154500,6844500
"",130500,6843500
"",131500,6843500
"",132500,6843500
"",133500,6843500
"",135500,6843500
"",136500,6843500
"",137500,6843500
"",138500,6843500
"",139500,6843500
"",140500,6843500
"",141500,6843500
"",142500,6843500
"",143500,6843500
"",144500,6843500
"",145500,6843500
"",146500,6843500
"",147500,6843500
"",148500,6843500
"",149500,6843500
"",150500,6843500
"",151500,6843500
"",152500,6843500
"",131500,6842500
"",133500,6842500
"",136500,6842500
"",137500,6842500
"",139500,6842500
"",140500,6842500
"",141500,6842500
"",142500,6842500
"",143500,6842500
"",144500,6842500
"",145500,6842500
"",146500,6842500
"",147500,6842500
"",148500,6842500
"",149500,6842500
"",150500,6842500
"",151500,6842500
"",152500,6842500
"",136500,6841500
"",141500,6841500
"",142500,6841500
"",143500,6841500
"",144500,6841500
"",145500,6841500
"",146500,6841500
"",147500,6841500
"",148500,6841500
"",149500,6841500
"",150500,6841500
"",141500,6840500
"",142500,6840500
"",143500,6840500
"",144500,6840500
"",145500,6840500
"",146500,6840500
"",147500,6840500
"",149500,6840500
"",150500,6840500
"",141500,6839500
"",141500,6838500
