Cell_ID,2000,2001,2002,2003,2004,2005,2006,2007,2008,2009,2010,2011,2012,2013,2014,2015,2016,2017,2018,2019,2020,Mean_Storage
267,28.776785714285715,28.776785714285715,28.776785714285715,28.776785714285715,28.776785714285715,28.776785714285715,28.776785714285715,28.776785714285715,28.776785714285715,28.776785714285715,28.776785714285715,28.776785714285715,28.776785714285715,28.776785714285715,28.776785714285715,28.776785714285715,28.776785714285715,28.776785714285715,28.776785714285715,28.776785714285715,28.776785714285715,28.776785714285708
386,28.776785714285715,28.776785714285715,28.776785714285715,28.776785714285715,28.776785714285715,28.776785714285715,28.776785714285715,28.776785714285715,28.776785714285715,28.776785714285715,28.776785714285715,28.776785714285715,28.776785714285715,28.776785714285715,28.776785714285715,28.776785714285715,28.776785714285715,28.776785714285715,28.776785714285715,28.776785714285715,28.776785714285715,28.776785714285708
504,28.776785714285715,28.776785714285715,28.776785714285715,28.776785714285715,28.776785714285715,28.776785714285715,28.776785714285715,28.776785714285715,28.776785714285715,28.776785714285715,28.776785714285715,28.776785714285715,28.776785714285715,28.776785714285715,28.776785714285715,28.776785714285715,28.776785714285715,28.776785714285715,28.776785714285715,28.776785714285715,28.776785714285715,28.776785714285708
612,28.776785714285715,28.776785714285715,28.776785714285715,28.776785714285715,28.776785714285715,28.776785714285715,28.776785714285715,28.776785714285715,28.776785714285715,28.776785714285715,28.776785714285715,28.776785714285715,28.776785714285715,28.776785714285715,28.776785714285715,28.776785714285715,28.776785714285715,28.776785714285715,28.776785714285715,28.776785714285715,28.776785714285715,28.776785714285708
622,28.776785714285715,28.776785714285715,28.776785714285715,28.776785714285715,28.776785714285715,28.776785714285715,28.776785714285715,28.776785714285715,28.776785714285715,28.776785714285715,28.776785714285715,28.776785714285715,28.776785714285715,28.776785714285715,28.776785714285715,28.776785714285715,28.776785714285715,28.776785714285715,28.776785714285715,28.776785714285715,28.776785714285715,28.776785714285708
727,28.776785714285715,28.776785714285715,28.776785714285715,28.776785714285715,28.776785714285715,28.776785714285715,28.776785714285715,28.776785714285715,28.776785714285715,28.776785714285715,28.776785714285715,28.776785714285715,28.776785714285715,28.776785714285715,28.776785714285715,28.776785714285715,28.776785714285715,28.776785714285715,28.776785714285715,28.776785714285715,28.776785714285715,28.776785714285708
740,28.776785714285715,28.776785714285715,28.776785714285715,28.776785714285715,28.776785714285715,28.776785714285715,28.776785714285715,28.776785714285715,28.776785714285715,28.776785714285715,28.776785714285715,28.776785714285715,28.776785714285715,28.776785714285715,28.776785714285715,28.776785714285715,28.776785714285715,28.776785714285715,28.776785714285715,28.776785714285715,28.776785714285715,28.776785714285708
842,28.776785714285715,28.776785714285715,28.776785714285715,28.776785714285715,28.776785714285715,28.776785714285715,28.776785714285715,28.776785714285715,28.776785714285715,28.776785714285715,28.776785714285715,28.776785714285715,28.776785714285715,28.776785714285715,28.776785714285715,28.776785714285715,28.776785714285715,28.776785714285715,28.776785714285715,28.776785714285715,28.776785714285715,28.776785714285708
846,28.776785714285715,28.776785714285715,28.776785714285715,28.776785714285715,28.776785714285715,28.776785714285715,28.776785714285715,28.776785714285715,28.776785714285715,28.776785714285715,28.776785714285715,28.776785714285715,28.776785714285715,28.776785714285715,28.776785714285715,28.776785714285715,28.776785714285715,28.776785714285715,28.776785714285715,28.776785714285715,28.776785714285715,28.776785714285708
859,28.776785714285715,28.776785714285715,28.776785714285715,28.776785714285715,28.776785714285715,28.776785714285715,28.776785714285715,28.776785714285715,28.776785714285715,28.776785714285715,28.776785714285715,28.776785714285715,28.776785714285715,28.776785714285715,28.776785714285715,28.776785714285715,28.776785714285715,28.776785714285715,28.776785714285715,28.776785714285715,28.776785714285715,28.776785714285708
863,28.776785714285715,28.776785714285715,28.776785714285715,28.776785714285715,28.776785714285715,28.776785714285715,28.776785714285715,28.776785714285715,28.776785714285715,28.776785714285715,28.776785714285715,28.776785714285715,28.776785714285715,28.776785714285715,28.776785714285715,28.776785714285715,28.776785714285715,28.776785714285715,28.776785714285715,28.776785714285715,28.776785714285715,28.776785714285708
867,28.776785714285715,28.776785714285715,28.776785714285715,28.776785714285715,28.776785714285715,28.776785714285715,28.776785714285715,28.776785714285715,28.776785714285715,28.776785714285715,28.776785714285715,28.776785714285715,28.776785714285715,28.776785714285715,28.776785714285715,28.776785714285715,28.776785714285715,28.776785714285715,28.776785714285715,28.776785714285715,28.776785714285715,28.776785714285708
868,28.776785714285715,28.776785714285715,28.776785714285715,28.776785714285715,28.776785714285715,28.776785714285715,28.776785714285715,28.776785714285715,28.776785714285715,28.776785714285715,28.776785714285715,28.776785714285715,28.776785714285715,28.776785714285715,28.776785714285715,28.776785714285715,28.776785714285715,28.776785714285715,28.776785714285715,28.776785714285715,28.776785714285715,28.776785714285708
961,28.776785714285715,28.776785714285715,28.776785714285715,28.776785714285715,28.776785714285715,28.776785714285715,28.776785714285715,28.776785714285715,28.776785714285715,28.776785714285715,28.776785714285715,28.776785714285715,28.776785714285715,28.776785714285715,28.776785714285715,28.776785714285715,28.776785714285715,28.776785714285715,28.776785714285715,28.776785714285715,28.776785714285715,28.776785714285708
965,28.776785714285715,28.776785714285715,28.776785714285715,28.776785714285715,28.776785714285715,28.776785714285715,28.776785714285715,28.776785714285715,28.776785714285715,28.776785714285715,28.776785714285715,28.776785714285715,28.776785714285715,28.776785714285715,28.776785714285715,28.776785714285715,28.776785714285715,28.776785714285715,28.776785714285715,28.776785714285715,28.776785714285715,28.776785714285708
966,28.776785714285715,28.776785714285715,28.776785714285715,28.776785714285715,28.776785714285715,28.776785714285715,28.776785714285715,28.776785714285715,28.776785714285715,28.776785714285715,28.776785714285715,28.776785714285715,28.776785714285715,28.776785714285715,28.776785714285715,28.776785714285715,28.776785714285715,28.776785714285715,28.776785714285715,28.776785714285715,28.776785714285715,28.776785714285708
968,28.776785714285715,28.776785714285715,28.776785714285715,28.776785714285715,28.776785714285715,28.776785714285715,28.776785714285715,28.776785714285715,28.776785714285715,28.776785714285715,28.776785714285715,28.776785714285715,28.776785714285715,28.776785714285715,28.776785714285715,28.776785714285715,28.776785714285715,28.776785714285715,28.776785714285715,28.776785714285715,28.776785714285715,28.776785714285708
1079,28.776785714285715,28.776785714285715,28.776785714285715,28.776785714285715,28.776785714285715,28.776785714285715,28.776785714285715,28.776785714285715,28.776785714285715,28.776785714285715,28.776785714285715,28.776785714285715,28.776785714285715,28.776785714285715,28.776785714285715,28.776785714285715,28.776785714285715,28.776785714285715,28.776785714285715,28.776785714285715,28.776785714285715,28.776785714285708
1080,28.776785714285715,28.776785714285715,28.776785714285715,28.776785714285715,28.776785714285715,28.776785714285715,28.776785714285715,28.776785714285715,28.776785714285715,28.776785714285715,28.776785714285715,28.776785714285715,28.776785714285715,28.776785714285715,28.776785714285715,28.776785714285715,28.776785714285715,28.776785714285715,28.776785714285715,28.776785714285715,28.776785714285715,28.776785714285708
1084,28.776785714285715,28.776785714285715,28.776785714285715,28.776785714285715,28.776785714285715,28.776785714285715,28.776785714285715,28.776785714285715,28.776785714285715,28.776785714285715,28.776785714285715,28.776785714285715,28.776785714285715,28.776785714285715,28.776785714285715,28.776785714285715,28.776785714285715,28.776785714285715,28.776785714285715,28.776785714285715,28.776785714285715,28.776785714285708
1087,28.776785714285715,28.776785714285715,28.776785714285715,28.776785714285715,28.776785714285715,28.776785714285715,28.776785714285715,28.776785714285715,28.776785714285715,28.776785714285715,28.776785714285715,28.776785714285715,28.776785714285715,28.776785714285715,28.776785714285715,28.776785714285715,28.776785714285715,28.776785714285715,28.776785714285715,28.776785714285715,28.776785714285715,28.776785714285708
1197,28.776785714285715,28.776785714285715,28.776785714285715,28.776785714285715,28.776785714285715,28.776785714285715,28.776785714285715,28.776785714285715,28.776785714285715,28.776785714285715,28.776785714285715,28.776785714285715,28.776785714285715,28.776785714285715,28.776785714285715,28.776785714285715,28.776785714285715,28.776785714285715,28.776785714285715,28.776785714285715,28.776785714285715,28.776785714285708
1198,28.776785714285715,28.776785714285715,28.776785714285715,28.776785714285715,28.776785714285715,28.776785714285715,28.776785714285715,28.776785714285715,28.776785714285715,28.776785714285715,28.776785714285715,28.776785714285715,28.776785714285715,28.776785714285715,28.776785714285715,28.776785714285715,28.776785714285715,28.776785714285715,28.776785714285715,28.776785714285715,28.776785714285715,28.776785714285708
1315,28.776785714285715,28.776785714285715,28.776785714285715,28.776785714285715,28.776785714285715,28.776785714285715,28.776785714285715,28.776785714285715,28.776785714285715,28.776785714285715,28.776785714285715,28.776785714285715,28.776785714285715,28.776785714285715,28.776785714285715,28.776785714285715,28.776785714285715,28.776785714285715,28.776785714285715,28.776785714285715,28.776785714285715,28.776785714285708
1316,28.776785714285715,28.776785714285715,28.776785714285715,28.776785714285715,28.776785714285715,28.776785714285715,28.776785714285715,28.776785714285715,28.776785714285715,28.776785714285715,28.776785714285715,28.776785714285715,28.776785714285715,28.776785714285715,28.776785714285715,28.776785714285715,28.776785714285715,28.776785714285715,28.776785714285715,28.776785714285715,28.776785714285715,28.776785714285708
1319,28.776785714285715,28.776785714285715,28.776785714285715,28.776785714285715,28.776785714285715,28.776785714285715,28.776785714285715,28.776785714285715,28.776785714285715,28.776785714285715,28.776785714285715,28.776785714285715,28.776785714285715,28.776785714285715,28.776785714285715,28.776785714285715,28.776785714285715,28.776785714285715,28.776785714285715,28.776785714285715,28.776785714285715,28.776785714285708
1336,28.776785714285715,28.776785714285715,28.776785714285715,28.776785714285715,28.776785714285715,28.776785714285715,28.776785714285715,28.776785714285715,28.776785714285715,28.776785714285715,28.776785714285715,28.776785714285715,28.776785714285715,28.776785714285715,28.776785714285715,28.776785714285715,28.776785714285715,28.776785714285715,28.776785714285715,28.776785714285715,28.776785714285715,28.776785714285708
1428,28.776785714285715,28.776785714285715,28.776785714285715,28.776785714285715,28.776785714285715,28.776785714285715,28.776785714285715,28.776785714285715,28.776785714285715,28.776785714285715,28.776785714285715,28.776785714285715,28.776785714285715,28.776785714285715,28.776785714285715,28.776785714285715,28.776785714285715,28.776785714285715,28.776785714285715,28.776785714285715,28.776785714285715,28.776785714285708
1434,28.776785714285715,28.776785714285715,28.776785714285715,28.776785714285715,28.776785714285715,28.776785714285715,28.776785714285715,28.776785714285715,28.776785714285715,28.776785714285715,28.776785714285715,28.776785714285715,28.776785714285715,28.776785714285715,28.776785714285715,28.776785714285715,28.776785714285715,28.776785714285715,28.776785714285715,28.776785714285715,28.776785714285715,28.776785714285708
1773,28.776785714285715,28.776785714285715,28.776785714285715,28.776785714285715,28.776785714285715,28.776785714285715,28.776785714285715,28.776785714285715,28.776785714285715,28.776785714285715,28.776785714285715,28.776785714285715,28.776785714285715,28.776785714285715,28.776785714285715,28.776785714285715,28.776785714285715,28.776785714285715,28.776785714285715,28.776785714285715,28.776785714285715,28.776785714285708
1931,28.776785714285715,28.776785714285715,28.776785714285715,28.776785714285715,28.776785714285715,28.776785714285715,28.776785714285715,28.776785714285715,28.776785714285715,28.776785714285715,28.776785714285715,28.776785714285715,28.776785714285715,28.776785714285715,28.776785714285715,28.776785714285715,28.776785714285715,28.776785714285715,28.776785714285715,28.776785714285715,28.776785714285715,28.776785714285708
2018,28.776785714285715,28.776785714285715,28.776785714285715,28.776785714285715,28.776785714285715,28.776785714285715,28.776785714285715,28.776785714285715,28.776785714285715,28.776785714285715,28.776785714285715,28.776785714285715,28.776785714285715,28.776785714285715,28.776785714285715,28.776785714285715,28.776785714285715,28.776785714285715,28.776785714285715,28.776785714285715,28.776785714285715,28.776785714285708
2020,28.776785714285715,28.776785714285715,28.776785714285715,28.776785714285715,28.776785714285715,28.776785714285715,28.776785714285715,28.776785714285715,28.776785714285715,28.776785714285715,28.776785714285715,28.776785714285715,28.776785714285715,28.776785714285715,28.776785714285715,28.776785714285715,28.776785714285715,28.776785714285715,28.776785714285715,28.776785714285715,28.776785714285715,28.776785714285708
2022,28.776785714285715,28.776785714285715,28.776785714285715,28.776785714285715,28.776785714285715,28.776785714285715,28.776785714285715,28.776785714285715,28.776785714285715,28.776785714285715,28.776785714285715,28.776785714285715,28.776785714285715,28.776785714285715,28.776785714285715,28.776785714285715,28.776785714285715,28.776785714285715,28.776785714285715,28.776785714285715,28.776785714285715,28.776785714285708
2023,28.776785714285715,28.776785714285715,28.776785714285715,28.776785714285715,28.776785714285715,28.776785714285715,28.776785714285715,28.776785714285715,28.776785714285715,28.776785714285715,28.776785714285715,28.776785714285715,28.776785714285715,28.776785714285715,28.776785714285715,28.776785714285715,28.776785714285715,28.776785714285715,28.776785714285715,28.776785714285715,28.776785714285715,28.776785714285708
2140,28.776785714285715,28.776785714285715,28.776785714285715,28.776785714285715,28.776785714285715,28.776785714285715,28.776785714285715,28.776785714285715,28.776785714285715,28.776785714285715,28.776785714285715,28.776785714285715,28.776785714285715,28.776785714285715,28.776785714285715,28.776785714285715,28.776785714285715,28.776785714285715,28.776785714285715,28.776785714285715,28.776785714285715,28.776785714285708
2141,28.776785714285715,28.776785714285715,28.776785714285715,28.776785714285715,28.776785714285715,28.776785714285715,28.776785714285715,28.776785714285715,28.776785714285715,28.776785714285715,28.776785714285715,28.776785714285715,28.776785714285715,28.776785714285715,28.776785714285715,28.776785714285715,28.776785714285715,28.776785714285715,28.776785714285715,28.776785714285715,28.776785714285715,28.776785714285708
2142,28.776785714285715,28.776785714285715,28.776785714285715,28.776785714285715,28.776785714285715,28.776785714285715,28.776785714285715,28.776785714285715,28.776785714285715,28.776785714285715,28.776785714285715,28.776785714285715,28.776785714285715,28.776785714285715,28.776785714285715,28.776785714285715,28.776785714285715,28.776785714285715,28.776785714285715,28.776785714285715,28.776785714285715,28.776785714285708
2260,28.776785714285715,28.776785714285715,28.776785714285715,28.776785714285715,28.776785714285715,28.776785714285715,28.776785714285715,28.776785714285715,28.776785714285715,28.776785714285715,28.776785714285715,28.776785714285715,28.776785714285715,28.776785714285715,28.776785714285715,28.776785714285715,28.776785714285715,28.776785714285715,28.776785714285715,28.776785714285715,28.776785714285715,28.776785714285708
2261,28.776785714285715,28.776785714285715,28.776785714285715,28.776785714285715,28.776785714285715,28.776785714285715,28.776785714285715,28.776785714285715,28.776785714285715,28.776785714285715,28.776785714285715,28.776785714285715,28.776785714285715,28.776785714285715,28.776785714285715,28.776785714285715,28.776785714285715,28.776785714285715,28.776785714285715,28.776785714285715,28.776785714285715,28.776785714285708
2284,28.776785714285715,28.776785714285715,28.776785714285715,28.776785714285715,28.776785714285715,28.776785714285715,28.776785714285715,28.776785714285715,28.776785714285715,28.776785714285715,28.776785714285715,28.776785714285715,28.776785714285715,28.776785714285715,28.776785714285715,28.776785714285715,28.776785714285715,28.776785714285715,28.776785714285715,28.776785714285715,28.776785714285715,28.776785714285708
2382,28.776785714285715,28.776785714285715,28.776785714285715,28.776785714285715,28.776785714285715,28.776785714285715,28.776785714285715,28.776785714285715,28.776785714285715,28.776785714285715,28.776785714285715,28.776785714285715,28.776785714285715,28.776785714285715,28.776785714285715,28.776785714285715,28.776785714285715,28.776785714285715,28.776785714285715,28.776785714285715,28.776785714285715,28.776785714285708
2388,28.776785714285715,28.776785714285715,28.776785714285715,28.776785714285715,28.776785714285715,28.776785714285715,28.776785714285715,28.776785714285715,28.776785714285715,28.776785714285715,28.776785714285715,28.776785714285715,28.776785714285715,28.776785714285715,28.776785714285715,28.776785714285715,28.776785714285715,28.776785714285715,28.776785714285715,28.776785714285715,28.776785714285715,28.776785714285708
2389,28.776785714285715,28.776785714285715,28.776785714285715,28.776785714285715,28.776785714285715,28.776785714285715,28.776785714285715,28.776785714285715,28.776785714285715,28.776785714285715,28.776785714285715,28.776785714285715,28.776785714285715,28.776785714285715,28.776785714285715,28.776785714285715,28.776785714285715,28.776785714285715,28.776785714285715,28.776785714285715,28.776785714285715,28.776785714285708
2502,28.776785714285715,28.776785714285715,28.776785714285715,28.776785714285715,28.776785714285715,28.776785714285715,28.776785714285715,28.776785714285715,28.776785714285715,28.776785714285715,28.776785714285715,28.776785714285715,28.776785714285715,28.776785714285715,28.776785714285715,28.776785714285715,28.776785714285715,28.776785714285715,28.776785714285715,28.776785714285715,28.776785714285715,28.776785714285708
2614,28.776785714285715,28.776785714285715,28.776785714285715,28.776785714285715,28.776785714285715,28.776785714285715,28.776785714285715,28.776785714285715,28.776785714285715,28.776785714285715,28.776785714285715,28.776785714285715,28.776785714285715,28.776785714285715,28.776785714285715,28.776785714285715,28.776785714285715,28.776785714285715,28.776785714285715,28.776785714285715,28.776785714285715,28.776785714285708
2973,28.776785714285715,28.776785714285715,28.776785714285715,28.776785714285715,28.776785714285715,28.776785714285715,28.776785714285715,28.776785714285715,28.776785714285715,28.776785714285715,28.776785714285715,28.776785714285715,28.776785714285715,28.776785714285715,28.776785714285715,28.776785714285715,28.776785714285715,28.776785714285715,28.776785714285715,28.776785714285715,28.776785714285715,28.776785714285708
3093,28.776785714285715,28.776785714285715,28.776785714285715,28.776785714285715,28.776785714285715,28.776785714285715,28.776785714285715,28.776785714285715,28.776785714285715,28.776785714285715,28.776785714285715,28.776785714285715,28.776785714285715,28.776785714285715,28.776785714285715,28.776785714285715,28.776785714285715,28.776785714285715,28.776785714285715,28.776785714285715,28.776785714285715,28.776785714285708
3094,28.776785714285715,28.776785714285715,28.776785714285715,28.776785714285715,28.776785714285715,28.776785714285715,28.776785714285715,28.776785714285715,28.776785714285715,28.776785714285715,28.776785714285715,28.776785714285715,28.776785714285715,28.776785714285715,28.776785714285715,28.776785714285715,28.776785714285715,28.776785714285715,28.776785714285715,28.776785714285715,28.776785714285715,28.776785714285708
3232,28.776785714285715,28.776785714285715,28.776785714285715,28.776785714285715,28.776785714285715,28.776785714285715,28.776785714285715,28.776785714285715,28.776785714285715,28.776785714285715,28.776785714285715,28.776785714285715,28.776785714285715,28.776785714285715,28.776785714285715,28.776785714285715,28.776785714285715,28.776785714285715,28.776785714285715,28.776785714285715,28.776785714285715,28.776785714285708
3248,28.776785714285715,28.776785714285715,28.776785714285715,28.776785714285715,28.776785714285715,28.776785714285715,28.776785714285715,28.776785714285715,28.776785714285715,28.776785714285715,28.776785714285715,28.776785714285715,28.776785714285715,28.776785714285715,28.776785714285715,28.776785714285715,28.776785714285715,28.776785714285715,28.776785714285715,28.776785714285715,28.776785714285715,28.776785714285708
3252,28.776785714285715,28.776785714285715,28.776785714285715,28.776785714285715,28.776785714285715,28.776785714285715,28.776785714285715,28.776785714285715,28.776785714285715,28.776785714285715,28.776785714285715,28.776785714285715,28.776785714285715,28.776785714285715,28.776785714285715,28.776785714285715,28.776785714285715,28.776785714285715,28.776785714285715,28.776785714285715,28.776785714285715,28.776785714285708
3349,28.776785714285715,28.776785714285715,28.776785714285715,28.776785714285715,28.776785714285715,28.776785714285715,28.776785714285715,28.776785714285715,28.776785714285715,28.776785714285715,28.776785714285715,28.776785714285715,28.776785714285715,28.776785714285715,28.776785714285715,28.776785714285715,28.776785714285715,28.776785714285715,28.776785714285715,28.776785714285715,28.776785714285715,28.776785714285708
3368,28.776785714285715,28.776785714285715,28.776785714285715,28.776785714285715,28.776785714285715,28.776785714285715,28.776785714285715,28.776785714285715,28.776785714285715,28.776785714285715,28.776785714285715,28.776785714285715,28.776785714285715,28.776785714285715,28.776785714285715,28.776785714285715,28.776785714285715,28.776785714285715,28.776785714285715,28.776785714285715,28.776785714285715,28.776785714285708
3369,28.776785714285715,28.776785714285715,28.776785714285715,28.776785714285715,28.776785714285715,28.776785714285715,28.776785714285715,28.776785714285715,28.776785714285715,28.776785714285715,28.776785714285715,28.776785714285715,28.776785714285715,28.776785714285715,28.776785714285715,28.776785714285715,28.776785714285715,28.776785714285715,28.776785714285715,28.776785714285715,28.776785714285715,28.776785714285708
3590,28.776785714285715,28.776785714285715,28.776785714285715,28.776785714285715,28.776785714285715,28.776785714285715,28.776785714285715,28.776785714285715,28.776785714285715,28.776785714285715,28.776785714285715,28.776785714285715,28.776785714285715,28.776785714285715,28.776785714285715,28.776785714285715,28.776785714285715,28.776785714285715,28.776785714285715,28.776785714285715,28.776785714285715,28.776785714285708
3607,28.776785714285715,28.776785714285715,28.776785714285715,28.776785714285715,28.776785714285715,28.776785714285715,28.776785714285715,28.776785714285715,28.776785714285715,28.776785714285715,28.776785714285715,28.776785714285715,28.776785714285715,28.776785714285715,28.776785714285715,28.776785714285715,28.776785714285715,28.776785714285715,28.776785714285715,28.776785714285715,28.776785714285715,28.776785714285708
3663,28.776785714285715,28.776785714285715,28.776785714285715,28.776785714285715,28.776785714285715,28.776785714285715,28.776785714285715,28.776785714285715,28.776785714285715,28.776785714285715,28.776785714285715,28.776785714285715,28.776785714285715,28.776785714285715,28.776785714285715,28.776785714285715,28.776785714285715,28.776785714285715,28.776785714285715,28.776785714285715,28.776785714285715,28.776785714285708
3668,28.776785714285715,28.776785714285715,28.776785714285715,28.776785714285715,28.776785714285715,28.776785714285715,28.776785714285715,28.776785714285715,28.776785714285715,28.776785714285715,28.776785714285715,28.776785714285715,28.776785714285715,28.776785714285715,28.776785714285715,28.776785714285715,28.776785714285715,28.776785714285715,28.776785714285715,28.776785714285715,28.776785714285715,28.776785714285708
3669,28.776785714285715,28.776785714285715,28.776785714285715,28.776785714285715,28.776785714285715,28.776785714285715,28.776785714285715,28.776785714285715,28.776785714285715,28.776785714285715,28.776785714285715,28.776785714285715,28.776785714285715,28.776785714285715,28.776785714285715,28.776785714285715,28.776785714285715,28.776785714285715,28.776785714285715,28.776785714285715,28.776785714285715,28.776785714285708
3677,28.776785714285715,28.776785714285715,28.776785714285715,28.776785714285715,28.776785714285715,28.776785714285715,28.776785714285715,28.776785714285715,28.776785714285715,28.776785714285715,28.776785714285715,28.776785714285715,28.776785714285715,28.776785714285715,28.776785714285715,28.776785714285715,28.776785714285715,28.776785714285715,28.776785714285715,28.776785714285715,28.776785714285715,28.776785714285708
3678,28.776785714285715,28.776785714285715,28.776785714285715,28.776785714285715,28.776785714285715,28.776785714285715,28.776785714285715,28.776785714285715,28.776785714285715,28.776785714285715,28.776785714285715,28.776785714285715,28.776785714285715,28.776785714285715,28.776785714285715,28.776785714285715,28.776785714285715,28.776785714285715,28.776785714285715,28.776785714285715,28.776785714285715,28.776785714285708
3679,28.776785714285715,28.776785714285715,28.776785714285715,28.776785714285715,28.776785714285715,28.776785714285715,28.776785714285715,28.776785714285715,28.776785714285715,28.776785714285715,28.776785714285715,28.776785714285715,28.776785714285715,28.776785714285715,28.776785714285715,28.776785714285715,28.776785714285715,28.776785714285715,28.776785714285715,28.776785714285715,28.776785714285715,28.776785714285708
3680,28.776785714285715,28.776785714285715,28.776785714285715,28.776785714285715,28.776785714285715,28.776785714285715,28.776785714285715,28.776785714285715,28.776785714285715,28.776785714285715,28.776785714285715,28.776785714285715,28.776785714285715,28.776785714285715,28.776785714285715,28.776785714285715,28.776785714285715,28.776785714285715,28.776785714285715,28.776785714285715,28.776785714285715,28.776785714285708
3681,28.776785714285715,28.776785714285715,28.776785714285715,28.776785714285715,28.776785714285715,28.776785714285715,28.776785714285715,28.776785714285715,28.776785714285715,28.776785714285715,28.776785714285715,28.776785714285715,28.776785714285715,28.776785714285715,28.776785714285715,28.776785714285715,28.776785714285715,28.776785714285715,28.776785714285715,28.776785714285715,28.776785714285715,28.776785714285708
3682,28.776785714285715,28.776785714285715,28.776785714285715,28.776785714285715,28.776785714285715,28.776785714285715,28.776785714285715,28.776785714285715,28.776785714285715,28.776785714285715,28.776785714285715,28.776785714285715,28.776785714285715,28.776785714285715,28.776785714285715,28.776785714285715,28.776785714285715,28.776785714285715,28.776785714285715,28.776785714285715,28.776785714285715,28.776785714285708
3683,28.776785714285715,28.776785714285715,28.776785714285715,28.776785714285715,28.776785714285715,28.776785714285715,28.776785714285715,28.776785714285715,28.776785714285715,28.776785714285715,28.776785714285715,28.776785714285715,28.776785714285715,28.776785714285715,28.776785714285715,28.776785714285715,28.776785714285715,28.776785714285715,28.776785714285715,28.776785714285715,28.776785714285715,28.776785714285708
3709,28.776785714285715,28.776785714285715,28.776785714285715,28.776785714285715,28.776785714285715,28.776785714285715,28.776785714285715,28.776785714285715,28.776785714285715,28.776785714285715,28.776785714285715,28.776785714285715,28.776785714285715,28.776785714285715,28.776785714285715,28.776785714285715,28.776785714285715,28.776785714285715,28.776785714285715,28.776785714285715,28.776785714285715,28.776785714285708
3710,28.776785714285715,28.776785714285715,28.776785714285715,28.776785714285715,28.776785714285715,28.776785714285715,28.776785714285715,28.776785714285715,28.776785714285715,28.776785714285715,28.776785714285715,28.776785714285715,28.776785714285715,28.776785714285715,28.776785714285715,28.776785714285715,28.776785714285715,28.776785714285715,28.776785714285715,28.776785714285715,28.776785714285715,28.776785714285708
3711,28.776785714285715,28.776785714285715,28.776785714285715,28.776785714285715,28.776785714285715,28.776785714285715,28.776785714285715,28.776785714285715,28.776785714285715,28.776785714285715,28.776785714285715,28.776785714285715,28.776785714285715,28.776785714285715,28.776785714285715,28.776785714285715,28.776785714285715,28.776785714285715,28.776785714285715,28.776785714285715,28.776785714285715,28.776785714285708
3712,28.776785714285715,28.776785714285715,28.776785714285715,28.776785714285715,28.776785714285715,28.776785714285715,28.776785714285715,28.776785714285715,28.776785714285715,28.776785714285715,28.776785714285715,28.776785714285715,28.776785714285715,28.776785714285715,28.776785714285715,28.776785714285715,28.776785714285715,28.776785714285715,28.776785714285715,28.776785714285715,28.776785714285715,28.776785714285708
3713,28.776785714285715,28.776785714285715,28.776785714285715,28.776785714285715,28.776785714285715,28.776785714285715,28.776785714285715,28.776785714285715,28.776785714285715,28.776785714285715,28.776785714285715,28.776785714285715,28.776785714285715,28.776785714285715,28.776785714285715,28.776785714285715,28.776785714285715,28.776785714285715,28.776785714285715,28.776785714285715,28.776785714285715,28.776785714285708
3726,28.776785714285715,28.776785714285715,28.776785714285715,28.776785714285715,28.776785714285715,28.776785714285715,28.776785714285715,28.776785714285715,28.776785714285715,28.776785714285715,28.776785714285715,28.776785714285715,28.776785714285715,28.776785714285715,28.776785714285715,28.776785714285715,28.776785714285715,28.776785714285715,28.776785714285715,28.776785714285715,28.776785714285715,28.776785714285708
3780,28.776785714285715,28.776785714285715,28.776785714285715,28.776785714285715,28.776785714285715,28.776785714285715,28.776785714285715,28.776785714285715,28.776785714285715,28.776785714285715,28.776785714285715,28.776785714285715,28.776785714285715,28.776785714285715,28.776785714285715,28.776785714285715,28.776785714285715,28.776785714285715,28.776785714285715,28.776785714285715,28.776785714285715,28.776785714285708
4269,28.776785714285715,28.776785714285715,28.776785714285715,28.776785714285715,28.776785714285715,28.776785714285715,28.776785714285715,28.776785714285715,28.776785714285715,28.776785714285715,28.776785714285715,28.776785714285715,28.776785714285715,28.776785714285715,28.776785714285715,28.776785714285715,28.776785714285715,28.776785714285715,28.776785714285715,28.776785714285715,28.776785714285715,28.776785714285708
4391,28.776785714285715,28.776785714285715,28.776785714285715,28.776785714285715,28.776785714285715,28.776785714285715,28.776785714285715,28.776785714285715,28.776785714285715,28.776785714285715,28.776785714285715,28.776785714285715,28.776785714285715,28.776785714285715,28.776785714285715,28.776785714285715,28.776785714285715,28.776785714285715,28.776785714285715,28.776785714285715,28.776785714285715,28.776785714285708
4434,28.776785714285715,28.776785714285715,28.776785714285715,28.776785714285715,28.776785714285715,28.776785714285715,28.776785714285715,28.776785714285715,28.776785714285715,28.776785714285715,28.776785714285715,28.776785714285715,28.776785714285715,28.776785714285715,28.776785714285715,28.776785714285715,28.776785714285715,28.776785714285715,28.776785714285715,28.776785714285715,28.776785714285715,28.776785714285708
4501,28.776785714285715,28.776785714285715,28.776785714285715,28.776785714285715,28.776785714285715,28.776785714285715,28.776785714285715,28.776785714285715,28.776785714285715,28.776785714285715,28.776785714285715,28.776785714285715,28.776785714285715,28.776785714285715,28.776785714285715,28.776785714285715,28.776785714285715,28.776785714285715,28.776785714285715,28.776785714285715,28.776785714285715,28.776785714285708
4508,28.776785714285715,28.776785714285715,28.776785714285715,28.776785714285715,28.776785714285715,28.776785714285715,28.776785714285715,28.776785714285715,28.776785714285715,28.776785714285715,28.776785714285715,28.776785714285715,28.776785714285715,28.776785714285715,28.776785714285715,28.776785714285715,28.776785714285715,28.776785714285715,28.776785714285715,28.776785714285715,28.776785714285715,28.776785714285708
4550,28.776785714285715,28.776785714285715,28.776785714285715,28.776785714285715,28.776785714285715,28.776785714285715,28.776785714285715,28.776785714285715,28.776785714285715,28.776785714285715,28.776785714285715,28.776785714285715,28.776785714285715,28.776785714285715,28.776785714285715,28.776785714285715,28.776785714285715,28.776785714285715,28.776785714285715,28.776785714285715,28.776785714285715,28.776785714285708
4634,28.776785714285715,28.776785714285715,28.776785714285715,28.776785714285715,28.776785714285715,28.776785714285715,28.776785714285715,28.776785714285715,28.776785714285715,28.776785714285715,28.776785714285715,28.776785714285715,28.776785714285715,28.776785714285715,28.776785714285715,28.776785714285715,28.776785714285715,28.776785714285715,28.776785714285715,28.776785714285715,28.776785714285715,28.776785714285708
4732,28.776785714285715,28.776785714285715,28.776785714285715,28.776785714285715,28.776785714285715,28.776785714285715,28.776785714285715,28.776785714285715,28.776785714285715,28.776785714285715,28.776785714285715,28.776785714285715,28.776785714285715,28.776785714285715,28.776785714285715,28.776785714285715,28.776785714285715,28.776785714285715,28.776785714285715,28.776785714285715,28.776785714285715,28.776785714285708
4736,28.776785714285715,28.776785714285715,28.776785714285715,28.776785714285715,28.776785714285715,28.776785714285715,28.776785714285715,28.776785714285715,28.776785714285715,28.776785714285715,28.776785714285715,28.776785714285715,28.776785714285715,28.776785714285715,28.776785714285715,28.776785714285715,28.776785714285715,28.776785714285715,28.776785714285715,28.776785714285715,28.776785714285715,28.776785714285708
4743,28.776785714285715,28.776785714285715,28.776785714285715,28.776785714285715,28.776785714285715,28.776785714285715,28.776785714285715,28.776785714285715,28.776785714285715,28.776785714285715,28.776785714285715,28.776785714285715,28.776785714285715,28.776785714285715,28.776785714285715,28.776785714285715,28.776785714285715,28.776785714285715,28.776785714285715,28.776785714285715,28.776785714285715,28.776785714285708
4869,28.776785714285715,28.776785714285715,28.776785714285715,28.776785714285715,28.776785714285715,28.776785714285715,28.776785714285715,28.776785714285715,28.776785714285715,28.776785714285715,28.776785714285715,28.776785714285715,28.776785714285715,28.776785714285715,28.776785714285715,28.776785714285715,28.776785714285715,28.776785714285715,28.776785714285715,28.776785714285715,28.776785714285715,28.776785714285708
4914,28.776785714285715,28.776785714285715,28.776785714285715,28.776785714285715,28.776785714285715,28.776785714285715,28.776785714285715,28.776785714285715,28.776785714285715,28.776785714285715,28.776785714285715,28.776785714285715,28.776785714285715,28.776785714285715,28.776785714285715,28.776785714285715,28.776785714285715,28.776785714285715,28.776785714285715,28.776785714285715,28.776785714285715,28.776785714285708
5039,28.776785714285715,28.776785714285715,28.776785714285715,28.776785714285715,28.776785714285715,28.776785714285715,28.776785714285715,28.776785714285715,28.776785714285715,28.776785714285715,28.776785714285715,28.776785714285715,28.776785714285715,28.776785714285715,28.776785714285715,28.776785714285715,28.776785714285715,28.776785714285715,28.776785714285715,28.776785714285715,28.776785714285715,28.776785714285708
5155,28.776785714285715,28.776785714285715,28.776785714285715,28.776785714285715,28.776785714285715,28.776785714285715,28.776785714285715,28.776785714285715,28.776785714285715,28.776785714285715,28.776785714285715,28.776785714285715,28.776785714285715,28.776785714285715,28.776785714285715,28.776785714285715,28.776785714285715,28.776785714285715,28.776785714285715,28.776785714285715,28.776785714285715,28.776785714285708
5159,28.776785714285715,28.776785714285715,28.776785714285715,28.776785714285715,28.776785714285715,28.776785714285715,28.776785714285715,28.776785714285715,28.776785714285715,28.776785714285715,28.776785714285715,28.776785714285715,28.776785714285715,28.776785714285715,28.776785714285715,28.776785714285715,28.776785714285715,28.776785714285715,28.776785714285715,28.776785714285715,28.776785714285715,28.776785714285708
5168,28.776785714285715,28.776785714285715,28.776785714285715,28.776785714285715,28.776785714285715,28.776785714285715,28.776785714285715,28.776785714285715,28.776785714285715,28.776785714285715,28.776785714285715,28.776785714285715,28.776785714285715,28.776785714285715,28.776785714285715,28.776785714285715,28.776785714285715,28.776785714285715,28.776785714285715,28.776785714285715,28.776785714285715,28.776785714285708
5169,28.776785714285715,28.776785714285715,28.776785714285715,28.776785714285715,28.776785714285715,28.776785714285715,28.776785714285715,28.776785714285715,28.776785714285715,28.776785714285715,28.776785714285715,28.776785714285715,28.776785714285715,28.776785714285715,28.776785714285715,28.776785714285715,28.776785714285715,28.776785714285715,28.776785714285715,28.776785714285715,28.776785714285715,28.776785714285708
5275,28.776785714285715,28.776785714285715,28.776785714285715,28.776785714285715,28.776785714285715,28.776785714285715,28.776785714285715,28.776785714285715,28.776785714285715,28.776785714285715,28.776785714285715,28.776785714285715,28.776785714285715,28.776785714285715,28.776785714285715,28.776785714285715,28.776785714285715,28.776785714285715,28.776785714285715,28.776785714285715,28.776785714285715,28.776785714285708
5276,28.776785714285715,28.776785714285715,28.776785714285715,28.776785714285715,28.776785714285715,28.776785714285715,28.776785714285715,28.776785714285715,28.776785714285715,28.776785714285715,28.776785714285715,28.776785714285715,28.776785714285715,28.776785714285715,28.776785714285715,28.776785714285715,28.776785714285715,28.776785714285715,28.776785714285715,28.776785714285715,28.776785714285715,28.776785714285708
5277,28.776785714285715,28.776785714285715,28.776785714285715,28.776785714285715,28.776785714285715,28.776785714285715,28.776785714285715,28.776785714285715,28.776785714285715,28.776785714285715,28.776785714285715,28.776785714285715,28.776785714285715,28.776785714285715,28.776785714285715,28.776785714285715,28.776785714285715,28.776785714285715,28.776785714285715,28.776785714285715,28.776785714285715,28.776785714285708
5278,28.776785714285715,28.776785714285715,28.776785714285715,28.776785714285715,28.776785714285715,28.776785714285715,28.776785714285715,28.776785714285715,28.776785714285715,28.776785714285715,28.776785714285715,28.776785714285715,28.776785714285715,28.776785714285715,28.776785714285715,28.776785714285715,28.776785714285715,28.776785714285715,28.776785714285715,28.776785714285715,28.776785714285715,28.776785714285708
5279,28.776785714285715,28.776785714285715,28.776785714285715,28.776785714285715,28.776785714285715,28.776785714285715,28.776785714285715,28.776785714285715,28.776785714285715,28.776785714285715,28.776785714285715,28.776785714285715,28.776785714285715,28.776785714285715,28.776785714285715,28.776785714285715,28.776785714285715,28.776785714285715,28.776785714285715,28.776785714285715,28.776785714285715,28.776785714285708
5280,28.776785714285715,28.776785714285715,28.776785714285715,28.776785714285715,28.776785714285715,28.776785714285715,28.776785714285715,28.776785714285715,28.776785714285715,28.776785714285715,28.776785714285715,28.776785714285715,28.776785714285715,28.776785714285715,28.776785714285715,28.776785714285715,28.776785714285715,28.776785714285715,28.776785714285715,28.776785714285715,28.776785714285715,28.776785714285708
5281,28.776785714285715,28.776785714285715,28.776785714285715,28.776785714285715,28.776785714285715,28.776785714285715,28.776785714285715,28.776785714285715,28.776785714285715,28.776785714285715,28.776785714285715,28.776785714285715,28.776785714285715,28.776785714285715,28.776785714285715,28.776785714285715,28.776785714285715,28.776785714285715,28.776785714285715,28.776785714285715,28.776785714285715,28.776785714285708
5282,28.776785714285715,28.776785714285715,28.776785714285715,28.776785714285715,28.776785714285715,28.776785714285715,28.776785714285715,28.776785714285715,28.776785714285715,28.776785714285715,28.776785714285715,28.776785714285715,28.776785714285715,28.776785714285715,28.776785714285715,28.776785714285715,28.776785714285715,28.776785714285715,28.776785714285715,28.776785714285715,28.776785714285715,28.776785714285708
5283,28.776785714285715,28.776785714285715,28.776785714285715,28.776785714285715,28.776785714285715,28.776785714285715,28.776785714285715,28.776785714285715,28.776785714285715,28.776785714285715,28.776785714285715,28.776785714285715,28.776785714285715,28.776785714285715,28.776785714285715,28.776785714285715,28.776785714285715,28.776785714285715,28.776785714285715,28.776785714285715,28.776785714285715,28.776785714285708
5334,28.776785714285715,28.776785714285715,28.776785714285715,28.776785714285715,28.776785714285715,28.776785714285715,28.776785714285715,28.776785714285715,28.776785714285715,28.776785714285715,28.776785714285715,28.776785714285715,28.776785714285715,28.776785714285715,28.776785714285715,28.776785714285715,28.776785714285715,28.776785714285715,28.776785714285715,28.776785714285715,28.776785714285715,28.776785714285708
5565,28.776785714285715,28.776785714285715,28.776785714285715,28.776785714285715,28.776785714285715,28.776785714285715,28.776785714285715,28.776785714285715,28.776785714285715,28.776785714285715,28.776785714285715,28.776785714285715,28.776785714285715,28.776785714285715,28.776785714285715,28.776785714285715,28.776785714285715,28.776785714285715,28.776785714285715,28.776785714285715,28.776785714285715,28.776785714285708
5683,28.776785714285715,28.776785714285715,28.776785714285715,28.776785714285715,28.776785714285715,28.776785714285715,28.776785714285715,28.776785714285715,28.776785714285715,28.776785714285715,28.776785714285715,28.776785714285715,28.776785714285715,28.776785714285715,28.776785714285715,28.776785714285715,28.776785714285715,28.776785714285715,28.776785714285715,28.776785714285715,28.776785714285715,28.776785714285708
5691,28.776785714285715,28.776785714285715,28.776785714285715,28.776785714285715,28.776785714285715,28.776785714285715,28.776785714285715,28.776785714285715,28.776785714285715,28.776785714285715,28.776785714285715,28.776785714285715,28.776785714285715,28.776785714285715,28.776785714285715,28.776785714285715,28.776785714285715,28.776785714285715,28.776785714285715,28.776785714285715,28.776785714285715,28.776785714285708
5703,28.776785714285715,28.776785714285715,28.776785714285715,28.776785714285715,28.776785714285715,28.776785714285715,28.776785714285715,28.776785714285715,28.776785714285715,28.776785714285715,28.776785714285715,28.776785714285715,28.776785714285715,28.776785714285715,28.776785714285715,28.776785714285715,28.776785714285715,28.776785714285715,28.776785714285715,28.776785714285715,28.776785714285715,28.776785714285708
5768,28.776785714285715,28.776785714285715,28.776785714285715,28.776785714285715,28.776785714285715,28.776785714285715,28.776785714285715,28.776785714285715,28.776785714285715,28.776785714285715,28.776785714285715,28.776785714285715,28.776785714285715,28.776785714285715,28.776785714285715,28.776785714285715,28.776785714285715,28.776785714285715,28.776785714285715,28.776785714285715,28.776785714285715,28.776785714285708
5819,28.776785714285715,28.776785714285715,28.776785714285715,28.776785714285715,28.776785714285715,28.776785714285715,28.776785714285715,28.776785714285715,28.776785714285715,28.776785714285715,28.776785714285715,28.776785714285715,28.776785714285715,28.776785714285715,28.776785714285715,28.776785714285715,28.776785714285715,28.776785714285715,28.776785714285715,28.776785714285715,28.776785714285715,28.776785714285708
5886,28.776785714285715,28.776785714285715,28.776785714285715,28.776785714285715,28.776785714285715,28.776785714285715,28.776785714285715,28.776785714285715,28.776785714285715,28.776785714285715,28.776785714285715,28.776785714285715,28.776785714285715,28.776785714285715,28.776785714285715,28.776785714285715,28.776785714285715,28.776785714285715,28.776785714285715,28.776785714285715,28.776785714285715,28.776785714285708
5936,28.776785714285715,28.776785714285715,28.776785714285715,28.776785714285715,28.776785714285715,28.776785714285715,28.776785714285715,28.776785714285715,28.776785714285715,28.776785714285715,28.776785714285715,28.776785714285715,28.776785714285715,28.776785714285715,28.776785714285715,28.776785714285715,28.776785714285715,28.776785714285715,28.776785714285715,28.776785714285715,28.776785714285715,28.776785714285708
5986,28.776785714285715,28.776785714285715,28.776785714285715,28.776785714285715,28.776785714285715,28.776785714285715,28.776785714285715,28.776785714285715,28.776785714285715,28.776785714285715,28.776785714285715,28.776785714285715,28.776785714285715,28.776785714285715,28.776785714285715,28.776785714285715,28.776785714285715,28.776785714285715,28.776785714285715,28.776785714285715,28.776785714285715,28.776785714285708
5987,28.776785714285715,28.776785714285715,28.776785714285715,28.776785714285715,28.776785714285715,28.776785714285715,28.776785714285715,28.776785714285715,28.776785714285715,28.776785714285715,28.776785714285715,28.776785714285715,28.776785714285715,28.776785714285715,28.776785714285715,28.776785714285715,28.776785714285715,28.776785714285715,28.776785714285715,28.776785714285715,28.776785714285715,28.776785714285708
6094,28.776785714285715,28.776785714285715,28.776785714285715,28.776785714285715,28.776785714285715,28.776785714285715,28.776785714285715,28.776785714285715,28.776785714285715,28.776785714285715,28.776785714285715,28.776785714285715,28.776785714285715,28.776785714285715,28.776785714285715,28.776785714285715,28.776785714285715,28.776785714285715,28.776785714285715,28.776785714285715,28.776785714285715,28.776785714285708
6104,28.776785714285715,28.776785714285715,28.776785714285715,28.776785714285715,28.776785714285715,28.776785714285715,28.776785714285715,28.776785714285715,28.776785714285715,28.776785714285715,28.776785714285715,28.776785714285715,28.776785714285715,28.776785714285715,28.776785714285715,28.776785714285715,28.776785714285715,28.776785714285715,28.776785714285715,28.776785714285715,28.776785714285715,28.776785714285708
6105,28.776785714285715,28.776785714285715,28.776785714285715,28.776785714285715,28.776785714285715,28.776785714285715,28.776785714285715,28.776785714285715,28.776785714285715,28.776785714285715,28.776785714285715,28.776785714285715,28.776785714285715,28.776785714285715,28.776785714285715,28.776785714285715,28.776785714285715,28.776785714285715,28.776785714285715,28.776785714285715,28.776785714285715,28.776785714285708
6222,28.776785714285715,28.776785714285715,28.776785714285715,28.776785714285715,28.776785714285715,28.776785714285715,28.776785714285715,28.776785714285715,28.776785714285715,28.776785714285715,28.776785714285715,28.776785714285715,28.776785714285715,28.776785714285715,28.776785714285715,28.776785714285715,28.776785714285715,28.776785714285715,28.776785714285715,28.776785714285715,28.776785714285715,28.776785714285708
6288,28.776785714285715,28.776785714285715,28.776785714285715,28.776785714285715,28.776785714285715,28.776785714285715,28.776785714285715,28.776785714285715,28.776785714285715,28.776785714285715,28.776785714285715,28.776785714285715,28.776785714285715,28.776785714285715,28.776785714285715,28.776785714285715,28.776785714285715,28.776785714285715,28.776785714285715,28.776785714285715,28.776785714285715,28.776785714285708
6340,28.776785714285715,28.776785714285715,28.776785714285715,28.776785714285715,28.776785714285715,28.776785714285715,28.776785714285715,28.776785714285715,28.776785714285715,28.776785714285715,28.776785714285715,28.776785714285715,28.776785714285715,28.776785714285715,28.776785714285715,28.776785714285715,28.776785714285715,28.776785714285715,28.776785714285715,28.776785714285715,28.776785714285715,28.776785714285708
6341,28.776785714285715,28.776785714285715,28.776785714285715,28.776785714285715,28.776785714285715,28.776785714285715,28.776785714285715,28.776785714285715,28.776785714285715,28.776785714285715,28.776785714285715,28.776785714285715,28.776785714285715,28.776785714285715,28.776785714285715,28.776785714285715,28.776785714285715,28.776785714285715,28.776785714285715,28.776785714285715,28.776785714285715,28.776785714285708
6439,28.776785714285715,28.776785714285715,28.776785714285715,28.776785714285715,28.776785714285715,28.776785714285715,28.776785714285715,28.776785714285715,28.776785714285715,28.776785714285715,28.776785714285715,28.776785714285715,28.776785714285715,28.776785714285715,28.776785714285715,28.776785714285715,28.776785714285715,28.776785714285715,28.776785714285715,28.776785714285715,28.776785714285715,28.776785714285708
6459,28.776785714285715,28.776785714285715,28.776785714285715,28.776785714285715,28.776785714285715,28.776785714285715,28.776785714285715,28.776785714285715,28.776785714285715,28.776785714285715,28.776785714285715,28.776785714285715,28.776785714285715,28.776785714285715,28.776785714285715,28.776785714285715,28.776785714285715,28.776785714285715,28.776785714285715,28.776785714285715,28.776785714285715,28.776785714285708
6460,28.776785714285715,28.776785714285715,28.776785714285715,28.776785714285715,28.776785714285715,28.776785714285715,28.776785714285715,28.776785714285715,28.776785714285715,28.776785714285715,28.776785714285715,28.776785714285715,28.776785714285715,28.776785714285715,28.776785714285715,28.776785714285715,28.776785714285715,28.776785714285715,28.776785714285715,28.776785714285715,28.776785714285715,28.776785714285708
6577,28.776785714285715,28.776785714285715,28.776785714285715,28.776785714285715,28.776785714285715,28.776785714285715,28.776785714285715,28.776785714285715,28.776785714285715,28.776785714285715,28.776785714285715,28.776785714285715,28.776785714285715,28.776785714285715,28.776785714285715,28.776785714285715,28.776785714285715,28.776785714285715,28.776785714285715,28.776785714285715,28.776785714285715,28.776785714285708
6578,28.776785714285715,28.776785714285715,28.776785714285715,28.776785714285715,28.776785714285715,28.776785714285715,28.776785714285715,28.776785714285715,28.776785714285715,28.776785714285715,28.776785714285715,28.776785714285715,28.776785714285715,28.776785714285715,28.776785714285715,28.776785714285715,28.776785714285715,28.776785714285715,28.776785714285715,28.776785714285715,28.776785714285715,28.776785714285708
6646,28.776785714285715,28.776785714285715,28.776785714285715,28.776785714285715,28.776785714285715,28.776785714285715,28.776785714285715,28.776785714285715,28.776785714285715,28.776785714285715,28.776785714285715,28.776785714285715,28.776785714285715,28.776785714285715,28.776785714285715,28.776785714285715,28.776785714285715,28.776785714285715,28.776785714285715,28.776785714285715,28.776785714285715,28.776785714285708
6682,28.776785714285715,28.776785714285715,28.776785714285715,28.776785714285715,28.776785714285715,28.776785714285715,28.776785714285715,28.776785714285715,28.776785714285715,28.776785714285715,28.776785714285715,28.776785714285715,28.776785714285715,28.776785714285715,28.776785714285715,28.776785714285715,28.776785714285715,28.776785714285715,28.776785714285715,28.776785714285715,28.776785714285715,28.776785714285708
6695,28.776785714285715,28.776785714285715,28.776785714285715,28.776785714285715,28.776785714285715,28.776785714285715,28.776785714285715,28.776785714285715,28.776785714285715,28.776785714285715,28.776785714285715,28.776785714285715,28.776785714285715,28.776785714285715,28.776785714285715,28.776785714285715,28.776785714285715,28.776785714285715,28.776785714285715,28.776785714285715,28.776785714285715,28.776785714285708
6696,28.776785714285715,28.776785714285715,28.776785714285715,28.776785714285715,28.776785714285715,28.776785714285715,28.776785714285715,28.776785714285715,28.776785714285715,28.776785714285715,28.776785714285715,28.776785714285715,28.776785714285715,28.776785714285715,28.776785714285715,28.776785714285715,28.776785714285715,28.776785714285715,28.776785714285715,28.776785714285715,28.776785714285715,28.776785714285708
6876,28.776785714285715,28.776785714285715,28.776785714285715,28.776785714285715,28.776785714285715,28.776785714285715,28.776785714285715,28.776785714285715,28.776785714285715,28.776785714285715,28.776785714285715,28.776785714285715,28.776785714285715,28.776785714285715,28.776785714285715,28.776785714285715,28.776785714285715,28.776785714285715,28.776785714285715,28.776785714285715,28.776785714285715,28.776785714285708
6878,28.776785714285715,28.776785714285715,28.776785714285715,28.776785714285715,28.776785714285715,28.776785714285715,28.776785714285715,28.776785714285715,28.776785714285715,28.776785714285715,28.776785714285715,28.776785714285715,28.776785714285715,28.776785714285715,28.776785714285715,28.776785714285715,28.776785714285715,28.776785714285715,28.776785714285715,28.776785714285715,28.776785714285715,28.776785714285708
6922,28.776785714285715,28.776785714285715,28.776785714285715,28.776785714285715,28.776785714285715,28.776785714285715,28.776785714285715,28.776785714285715,28.776785714285715,28.776785714285715,28.776785714285715,28.776785714285715,28.776785714285715,28.776785714285715,28.776785714285715,28.776785714285715,28.776785714285715,28.776785714285715,28.776785714285715,28.776785714285715,28.776785714285715,28.776785714285708
7122,28.776785714285715,28.776785714285715,28.776785714285715,28.776785714285715,28.776785714285715,28.776785714285715,28.776785714285715,28.776785714285715,28.776785714285715,28.776785714285715,28.776785714285715,28.776785714285715,28.776785714285715,28.776785714285715,28.776785714285715,28.776785714285715,28.776785714285715,28.776785714285715,28.776785714285715,28.776785714285715,28.776785714285715,28.776785714285708
7237,28.776785714285715,28.776785714285715,28.776785714285715,28.776785714285715,28.776785714285715,28.776785714285715,28.776785714285715,28.776785714285715,28.776785714285715,28.776785714285715,28.776785714285715,28.776785714285715,28.776785714285715,28.776785714285715,28.776785714285715,28.776785714285715,28.776785714285715,28.776785714285715,28.776785714285715,28.776785714285715,28.776785714285715,28.776785714285708
7238,28.776785714285715,28.776785714285715,28.776785714285715,28.776785714285715,28.776785714285715,28.776785714285715,28.776785714285715,28.776785714285715,28.776785714285715,28.776785714285715,28.776785714285715,28.776785714285715,28.776785714285715,28.776785714285715,28.776785714285715,28.776785714285715,28.776785714285715,28.776785714285715,28.776785714285715,28.776785714285715,28.776785714285715,28.776785714285708
7346,28.776785714285715,28.776785714285715,28.776785714285715,28.776785714285715,28.776785714285715,28.776785714285715,28.776785714285715,28.776785714285715,28.776785714285715,28.776785714285715,28.776785714285715,28.776785714285715,28.776785714285715,28.776785714285715,28.776785714285715,28.776785714285715,28.776785714285715,28.776785714285715,28.776785714285715,28.776785714285715,28.776785714285715,28.776785714285708
7347,28.776785714285715,28.776785714285715,28.776785714285715,28.776785714285715,28.776785714285715,28.776785714285715,28.776785714285715,28.776785714285715,28.776785714285715,28.776785714285715,28.776785714285715,28.776785714285715,28.776785714285715,28.776785714285715,28.776785714285715,28.776785714285715,28.776785714285715,28.776785714285715,28.776785714285715,28.776785714285715,28.776785714285715,28.776785714285708
7357,28.776785714285715,28.776785714285715,28.776785714285715,28.776785714285715,28.776785714285715,28.776785714285715,28.776785714285715,28.776785714285715,28.776785714285715,28.776785714285715,28.776785714285715,28.776785714285715,28.776785714285715,28.776785714285715,28.776785714285715,28.776785714285715,28.776785714285715,28.776785714285715,28.776785714285715,28.776785714285715,28.776785714285715,28.776785714285708
8546,28.776785714285715,28.776785714285715,28.776785714285715,28.776785714285715,28.776785714285715,28.776785714285715,28.776785714285715,28.776785714285715,28.776785714285715,28.776785714285715,28.776785714285715,28.776785714285715,28.776785714285715,28.776785714285715,28.776785714285715,28.776785714285715,28.776785714285715,28.776785714285715,28.776785714285715,28.776785714285715,28.776785714285715,28.776785714285708
8649,28.776785714285715,28.776785714285715,28.776785714285715,28.776785714285715,28.776785714285715,28.776785714285715,28.776785714285715,28.776785714285715,28.776785714285715,28.776785714285715,28.776785714285715,28.776785714285715,28.776785714285715,28.776785714285715,28.776785714285715,28.776785714285715,28.776785714285715,28.776785714285715,28.776785714285715,28.776785714285715,28.776785714285715,28.776785714285708
8781,28.776785714285715,28.776785714285715,28.776785714285715,28.776785714285715,28.776785714285715,28.776785714285715,28.776785714285715,28.776785714285715,28.776785714285715,28.776785714285715,28.776785714285715,28.776785714285715,28.776785714285715,28.776785714285715,28.776785714285715,28.776785714285715,28.776785714285715,28.776785714285715,28.776785714285715,28.776785714285715,28.776785714285715,28.776785714285708
8897,28.776785714285715,28.776785714285715,28.776785714285715,28.776785714285715,28.776785714285715,28.776785714285715,28.776785714285715,28.776785714285715,28.776785714285715,28.776785714285715,28.776785714285715,28.776785714285715,28.776785714285715,28.776785714285715,28.776785714285715,28.776785714285715,28.776785714285715,28.776785714285715,28.776785714285715,28.776785714285715,28.776785714285715,28.776785714285708
